Name,Gods,Tags,Domains,Race,Alignment,Symbol
"Hercules, The Champion","Hercules, The Champion (The%20Continent/Pantheons/Untitled/Hellenorian/Hellenorian%20Gods/Hercules,%20The%20Champion%20138f1754c40381dcb06dd147ee8ad12b.csv)",Hellenorian Lesser God,"Strength, Adventure",Goliath,Chaotic Good,
"Ares, The Warlord","Ares, The Warlord (The%20Continent/Pantheons/Untitled/Hellenorian/Hellenorian%20Gods/Ares,%20The%20Warlord%20138f1754c4038195ad22ed9f2fe28575.csv)",Hellenorian Lesser God,"War, Strife",Minotaur,Chaotic Evil,
"Athena, The Wise Guardian","Athena, The Wise Guardian (The%20Continent/Pantheons/Untitled/Hellenorian/Hellenorian%20Gods/Athena,%20The%20Wise%20Guardian%20138f1754c40381b0aea2e8c59b6a2eca.csv)",Hellenorian Lesser God,"Knowledge, Civilization",Warforged,Lawful Good,
"Artemis, The Huntress of the Moon","Artemis, The Huntress of the Moon (The%20Continent/Pantheons/Untitled/Hellenorian/Hellenorian%20Gods/Artemis,%20The%20Huntress%20of%20the%20Moon%20138f1754c40381d5873de089fb18505d.csv)",Hellenorian Lesser God,"Nature, Wild Hunt, Lunar Light",Tabaxi,Neutral Good,
"Hermes, The Fleet-footed Messenger","Hermes, The Fleet-footed Messenger (The%20Continent/Pantheons/Untitled/Hellenorian/Hellenorian%20Gods/Hermes,%20The%20Fleet-footed%20Messenger%20138f1754c40381c69748e48c26475924.csv)",Hellenorian Lesser God,"Travel, Commerce, Mercenary(Seekers)",Shifter,Chaotic Good,
"Zeus, The Storm Lord","Zeus, The Storm Lord (The%20Continent/Pantheons/Untitled/Hellenorian/Hellenorian%20Gods/Zeus,%20The%20Storm%20Lord%20138f1754c40381b6aca6df9fbf051f9c.csv)",Hellenorian Lesser God,Tempest,Variant Aasimar,True Neutral,
"Hestia, The Keeper of the Eternal Fire","Hestia, The Keeper of the Eternal Fire (The%20Continent/Pantheons/Untitled/Hellenorian/Hellenorian%20Gods/Hestia,%20The%20Keeper%20of%20the%20Eternal%20Fire%20138f1754c40381d088d4f7cc56bb29af.csv)",Hellenorian Lesser God,"Hearth, Home",Centaur,Neutral Good,
"Hera, The Matron of Families","Hera, The Matron of Families (The%20Continent/Pantheons/Untitled/Hellenorian/Hellenorian%20Gods/Hera,%20The%20Matron%20of%20Families%20138f1754c4038198b401c486b30d1f38.csv)",Hellenorian Lesser God,"Family, Intrigue",Leonin,Chaotic Neutral,
"Hades, The Lord of the Underworld","Hades, The Lord of the Underworld (The%20Continent/Pantheons/Untitled/Hellenorian/Hellenorian%20Gods/Hades,%20The%20Lord%20of%20the%20Underworld%20138f1754c40381008d5cff81de3b52a7.csv)",Hellenorian Lesser God,"Death, Wealth",Duergar Tiefling Variant,Lawful Evil,
"Nike, The Winged Champion","Nike, The Winged Champion (The%20Continent/Pantheons/Untitled/Hellenorian/Hellenorian%20Gods/Nike,%20The%20Winged%20Champion%20138f1754c403818889e6efd91a80d7ed.csv)",Hellenorian Lesser God,Victory,Fallen Aasimar,Lawful Neutral,
"Hecate, The Mistress of the Arcane","Hecate, The Mistress of the Arcane (The%20Continent/Pantheons/Untitled/Hellenorian/Hellenorian%20Gods/Hecate,%20The%20Mistress%20of%20the%20Arcane%20138f1754c403810abdebfc16293208ae.csv)",Hellenorian Lesser God,"Arcana, Moon, Crossroads",Changeling,Chaotic Evil,
"Aphrodite, The Enchantress","Aphrodite, The Enchantress (The%20Continent/Pantheons/Untitled/Hellenorian/Hellenorian%20Gods/Aphrodite,%20The%20Enchantress%20138f1754c4038140869ed5042a0f98dd.csv)",Hellenorian Lesser God,"Love, Beauty",Variant Tiefling,Chaotic Good,
"Apollo, The Radiant One","Apollo, The Radiant One (The%20Continent/Pantheons/Untitled/Hellenorian/Hellenorian%20Gods/Apollo,%20The%20Radiant%20One%20138f1754c4038171b0b9cd5bdc0d33ba.csv)",Hellenorian Lesser God,"Light, Healing",Aarakocra,Chaotic Good,
"Tyche, The Goddess of Fortune","Tyche, The Goddess of Fortune (The%20Continent/Pantheons/Untitled/Hellenorian/Hellenorian%20Gods/Tyche,%20The%20Goddess%20of%20Fortune%20138f1754c403818e9f9de1614cbbeb70.csv)",Hellenorian Lesser God,"Luck, Fate",All Genasi,True Neutral,
"Poseidon, The Earth Shaker","Poseidon, The Earth Shaker (The%20Continent/Pantheons/Untitled/Hellenorian/Hellenorian%20Gods/Poseidon,%20The%20Earth%20Shaker%20138f1754c4038161814ad79bf699f1aa.csv) ",Hellenorian Lesser God,Sea,Triton,Chaotic Neutral,
"Pan, The Wild Sheperd","Pan, The Wild Sheperd (The%20Continent/Pantheons/Untitled/Hellenorian/Hellenorian%20Gods/Pan,%20The%20Wild%20Sheperd%20138f1754c4038175aedcff946acf2f4f.csv) ",Hellenorian Lesser God,"Nature,",Variant Centaur,Chaotic Neutral,
"Demeter, The Earth Mother","Demeter, The Earth Mother (The%20Continent/Pantheons/Untitled/Hellenorian/Hellenorian%20Gods/Demeter,%20The%20Earth%20Mother%20138f1754c4038132bb91f142c745fd85.csv) ",Hellenorian Lesser God,Agriculture,Firbolg,Neutral Good,
"Hephaestus, The Forge Master","Hephaestus, The Forge Master (The%20Continent/Pantheons/Untitled/Hellenorian/Hellenorian%20Gods/Hephaestus,%20The%20Forge%20Master%20138f1754c4038145adecde9e85cc945b.csv) ",Hellenorian Lesser God,Forge,Deep Gnome,Neutral Good,
"Dionysus, The God of Festivity","Dionysus, The God of Festivity (The%20Continent/Pantheons/Untitled/Hellenorian/Hellenorian%20Gods/Dionysus,%20The%20God%20of%20Festivity%20138f1754c403814196a1fb9f67552569.csv) ",Hellenorian Lesser God,"Life, Revelry",Satyr,Chaotic Neutral,
"Phoebus, The illuminator","Phoebus, The illuminator (The%20Continent/Pantheons/Untitled/Imperium%20Invicta/Invictian%20Gods/Phoebus,%20The%20illuminator%2011df1754c40381fb9bb8f3177077c0c5.csv) ",Invictian Lesser God,"Light, Heavenly Knowledge",Sun Elf,Neutral Evil,
"Arcus, The Spectrum","Arcus, The Spectrum (The%20Continent/Pantheons/Untitled/Imperium%20Invicta/Invictian%20Gods/Arcus,%20The%20Spectrum%2011df1754c40381e48117e195e9b01a22.csv) ",Invictian Lesser God,"Prismatic Nature, Trickery",Aarakocra,Chaotic Good,
"Aurora, The First Light","Aurora, The First Light (The%20Continent/Pantheons/Untitled/Imperium%20Invicta/Invictian%20Gods/Aurora,%20The%20First%20Light%2011df1754c4038157aad4dd14605f85b3.csv) ",Invictian Lesser God,"Dawn, New Beginnings",Aasimar,Neutral Good,
"Bacchus, The Bountiful Spirit","Bacchus, The Bountiful Spirit (The%20Continent/Pantheons/Untitled/Imperium%20Invicta/Invictian%20Gods/Bacchus,%20The%20Bountiful%20Spirit%2011df1754c4038168ac41f5dbc0534bcf.csv) ",Invictian Lesser God,Revelry,Satyr,Chaotic Neutral,
"Bellona, The Warbringer","Bellona, The Warbringer (The%20Continent/Pantheons/Untitled/Imperium%20Invicta/Invictian%20Gods/Bellona,%20The%20Warbringer%2011df1754c40381e0a96bdd65d9bb59f9.csv) ",Invictian Lesser God,"Warfare, Shadow Tactics",Hobgoblin,Lawful Evil,
"Caelus, The Celestial Scholar","Caelus, The Celestial Scholar (The%20Continent/Pantheons/Untitled/Imperium%20Invicta/Invictian%20Gods/Caelus,%20The%20Celestial%20Scholar%2011df1754c403816198b8f4857f74da37.csv) ",Invictian Lesser God,Astronomy. Celestial Knowledge,Air Genasi,Lawful Neutral,
Ceres. The Harvest Mother,"Ceres. The Harvest Mother (The%20Continent/Pantheons/Untitled/Imperium%20Invicta/Invictian%20Gods/Ceres%20The%20Harvest%20Mother%2011df1754c4038144b147f5c165c8e6c3.csv) ",Invictian Lesser God,"Agriculture, Prosperity",Human,Neutral Good,
"Concordia, The Unifier","Concordia, The Unifier (The%20Continent/Pantheons/Untitled/Imperium%20Invicta/Invictian%20Gods/Concordia,%20The%20Unifier%2011df1754c40381e1ac76d073582796a3.csv) ",Invictian Lesser God,"Unity, Peacekeeping",Half High Elf,Lawful Good,
"Cupid, The Heart’s Arrow","Cupid, The Heart’s Arrow (The%20Continent/Pantheons/Untitled/Imperium%20Invicta/Invictian%20Gods/Cupid,%20The%20Heart%E2%80%99s%20Arrow%2011df1754c40381db9fb1f144542d30c1.csv) ",Invictian Lesser God,"Love, Emotional Healing",Half Wood Elf,Chaotic Good,
"Cybele, Earthen Mother","Cybele, Earthen Mother (The%20Continent/Pantheons/Untitled/Imperium%20Invicta/Invictian%20Gods/Cybele,%20Earthen%20Mother%2011df1754c403814da9a0c49f60893167.csv) ",Invictian Lesser God,"Fiora, Wilderness",Half Eladrin Elf,True Neutral,
"Diana, The Guardian fo the Grove","Diana, The Guardian fo the Grove (The%20Continent/Pantheons/Untitled/Imperium%20Invicta/Invictian%20Gods/Diana,%20The%20Guardian%20fo%20the%20Grove%2011df1754c403818fa2f8fcfd11bd66be.csv) ",Invictian Lesser God,"Hunting, Adventure",Firbolg,Chaotic Good,
"Faunus, The Keeper of the Plains","Faunus, The Keeper of the Plains (The%20Continent/Pantheons/Untitled/Imperium%20Invicta/Invictian%20Gods/Faunus,%20The%20Keeper%20of%20the%20Plains%2011df1754c4038130a5a3dfb4e3c49b5c.csv) ",Invictian Lesser God,"Wildlife, Serenity",Tabaxi,True Neutral,
"Febris, The Harbringer of Ailments","Febris, The Harbringer of Ailments (The%20Continent/Pantheons/Untitled/Imperium%20Invicta/Invictian%20Gods/Febris,%20The%20Harbringer%20of%20Ailments%2011df1754c403817191abdd5b3b296f54.csv) ",Invictian Lesser God,"Plagues,  Mischief",Centaur,Chaotic Evil,
"Flora, The Blooming Spirit","Flora, The Blooming Spirit (The%20Continent/Pantheons/Untitled/Imperium%20Invicta/Invictian%20Gods/Flora,%20The%20Blooming%20Spirit%2011df1754c40381f785c8cbfa465c835b.csv) ",Invictian Lesser God,"Flower, Renewal",Dhampir,Neutral Good,
"Fortuna, The Wheel of Fatet","Fortuna, The Wheel of Fatet (The%20Continent/Pantheons/Untitled/Imperium%20Invicta/Invictian%20Gods/Fortuna,%20The%20Wheel%20of%20Fatet%2011df1754c403813bb712df413199a35e.csv) ",Invictian Lesser God,"Luck, Fortune’s Change",Wood Elf,Neutral Good,
"Janus, The Gatekeeper","Janus, The Gatekeeper (The%20Continent/Pantheons/Untitled/Imperium%20Invicta/Invictian%20Gods/Janus,%20The%20Gatekeeper%2011df1754c403819fa9f7db5485f30e9b.csv) ",Invictian Lesser God,"Transitions, Passages",Tiefling,True Neutral,
"Juno, The Protector of Bonds","Juno, The Protector of Bonds (The%20Continent/Pantheons/Untitled/Imperium%20Invicta/Invictian%20Gods/Juno,%20The%20Protector%20of%20Bonds%2011df1754c4038129b664c5322f1c7305.csv) ",Invictian Lesser God,"Protection, Oaths",Changeling,Lawful Good,
"Jupiter,, The Stormlord","Jupiter,, The Stormlord (The%20Continent/Pantheons/Untitled/Imperium%20Invicta/Invictian%20Gods/Jupiter,,%20The%20Stormlord%2011df1754c40381079491cf8c65db1b08.csv) ",Invictian Lesser God,"Thunder, Authority",Goliath,Lawful Neutral,
"Juventus, The Spirit of Vitality","Juventus, The Spirit of Vitality (The%20Continent/Pantheons/Untitled/Imperium%20Invicta/Invictian%20Gods/Juventus,%20The%20Spirit%20of%20Vitality%2011df1754c40381f59ef6cb61ea1dcfea.csv) ",Invictian Lesser God,"Youth, Endurance",Aasimar,Chaotic Good,
"Mars, The Champion of Valor","Mars, The Champion of Valor (The%20Continent/Pantheons/Untitled/Imperium%20Invicta/Invictian%20Gods/Mars,%20The%20Champion%20of%20Valor%2011df1754c40381f0b2dcf54f91406ed4.csv) ",Invictian Lesser God,"Warfare, Glory",Half Elf(Drow),Lawful Evil,
"Minerva, The Sage of Wisdom","Minerva, The Sage of Wisdom (The%20Continent/Pantheons/Untitled/Imperium%20Invicta/Invictian%20Gods/Minerva,%20The%20Sage%20of%20Wisdom%2011df1754c40381a6b7e5d3e889f06857.csv) ",Invictian Lesser God,"Creative Arts and Crafts ",Kenku,Chaotic Evil,
"Mercury, The Trickster of Trade","Mercury, The Trickster of Trade (The%20Continent/Pantheons/Untitled/Imperium%20Invicta/Invictian%20Gods/Mercury,%20The%20Trickster%20of%20Trade%2011df1754c40381159658d99b97cccd84.csv) ",Invictian Lesser God,"Commerce, Cunning ",Tabaxi,Lawful Good,
"Mutunus, The God of Union","Mutunus, The God of Union (The%20Continent/Pantheons/Untitled/Imperium%20Invicta/Invictian%20Gods/Mutunus,%20The%20God%20of%20Union%2011df1754c40381f8aa10e0bb8470e424.csv) ",Invictian Lesser God,"Physical Union, Sensuality",Half- Orc,Chaotic Neutral,
"Nemesis, The Goddess of Retribution","Nemesis, The Goddess of Retribution (The%20Continent/Pantheons/Untitled/Imperium%20Invicta/Invictian%20Gods/Nemesis,%20The%20Goddess%20of%20Retribution%2011df1754c40381289dc8f24e4f8fe1d1.csv) ",Invictian Lesser God,"Vengeance, Balance",Tiefling,True Neutral,
"Neptune, The Sovereign of the Deep","Neptune, The Sovereign of the Deep (The%20Continent/Pantheons/Untitled/Imperium%20Invicta/Invictian%20Gods/Neptune,%20The%20Sovereign%20of%20the%20Deep%2011df1754c4038116b14ff273cb33221c.csv) ",Invictian Lesser God,"Oceans, Sovereignty",Triton,Lawful Neutral,
"Nyx, The Mistress of the Void","Nyx, The Mistress of the Void (The%20Continent/Pantheons/Untitled/Imperium%20Invicta/Invictian%20Gods/Nyx,%20The%20Mistress%20of%20the%20Void%20139f1754c403801193c1eb2dab822c7b.csv) ","Hellenorian Lesser God, Invictian Lesser God","Darkness, Cosmic Mysteries",Drow,Neutral Evil,
"Pluto, The Lord of the Hidden","Pluto, The Lord of the Hidden (The%20Continent/Pantheons/Untitled/Imperium%20Invicta/Invictian%20Gods/Pluto,%20The%20Lord%20of%20the%20Hidden%2011df1754c4038186ba6be3d24fccfb14.csv) ",Invictian Lesser God,"Underworld, Forbidden Knowledge",Tiefling,Lawful Evil,
"Proserpina, The Goddess of Fertility","Proserpina, The Goddess of Fertility (The%20Continent/Pantheons/Untitled/Imperium%20Invicta/Invictian%20Gods/Proserpina,%20The%20Goddess%20of%20Fertility%2011df1754c4038127b52ae4e58aa3ffe6.csv) ",Invictian Lesser God,"Fertility, Rebirth",Wood Elf,Neutral Good,
"Pomona, The Guardian Goddess of Harvest","Pomona, The Guardian Goddess of Harvest (The%20Continent/Pantheons/Untitled/Imperium%20Invicta/Invictian%20Gods/Pomona,%20The%20Guardian%20Goddess%20of%20Harvest%2011df1754c403814e9cedec669fbdda0a.csv) ",Invictian Lesser God,"Fruits, Harvest",Halfing,Neutral Good,
"Senectus, The Patron of Rest","Senectus, The Patron of Rest (The%20Continent/Pantheons/Untitled/Imperium%20Invicta/Invictian%20Gods/Senectus,%20The%20Patron%20of%20Rest%2011df1754c4038153a729cacbb488ad49.csv) ",Invictian Lesser God,"Rest, Peaceful Death",Human,True Neutral,
"Somnus, The Patron of Reflection","Somnus, The Patron of Reflection (The%20Continent/Pantheons/Untitled/Imperium%20Invicta/Invictian%20Gods/Somnus,%20The%20Patron%20of%20Reflection%2011df1754c4038105b7a1fe9606ccad31.csv) ",Invictian Lesser God,"Sleep, Dreams",High Elf,True Neutral,
Spes. The Embodiment of Aspiration,"Spes. The Embodiment of Aspiration (The%20Continent/Pantheons/Untitled/Imperium%20Invicta/Invictian%20Gods/Spes%20The%20Embodiment%20of%20Aspiration%2011df1754c4038183851df66f96fb2d5b.csv) ",Invictian Lesser God,"Hope, Inspiration",Human,Neutral Good,
Terra. The Earthshaper,"Terra, The Earthshaper (The%20Continent/Pantheons/Untitled/Imperium%20Invicta/Invictian%20Gods/Terra,%20The%20Earthshaper%20139f1754c40380c7ac9aeadb23458308.csv) ","Hellenorian Lesser God, Invictian Lesser God","Land, Creation",Earth Genasi,Neutral Good,
Trivia. The Keeper of Secrets,"Trivia. The Keeper of Secrets (The%20Continent/Pantheons/Untitled/Imperium%20Invicta/Invictian%20Gods/Trivia%20The%20Keeper%20of%20Secrets%2011df1754c40381c79b53dff86f3310f6.csv) ",Invictian Lesser God,"Sorcery, Forbbiden Knowledge",Yuan-Ti,Chaotic Evil,
"Venus, The Goddess of Beauty","Venus, The Goddess of Beauty (The%20Continent/Pantheons/Untitled/Imperium%20Invicta/Invictian%20Gods/Venus,%20The%20Goddess%20of%20Beauty%2011df1754c403811382cdf76234647061.csv) ",Invictian Lesser God,"Beauty, Light of Love",Tiefling,Chaotic Good,
"Veritas, The Keeper of Truth","Veritas, The Keeper of Truth (The%20Continent/Pantheons/Untitled/Imperium%20Invicta/Invictian%20Gods/Veritas,%20The%20Keeper%20of%20Truth%2011df1754c4038107a366c6cd4c5c9fe7.csv) ",Invictian Lesser God,"Truth, Illumination",Human,Lawful Good,
Vesta. The Guardian of the Sacred Fire,"Vesta. The Guardian of the Sacred Fire (The%20Continent/Pantheons/Untitled/Imperium%20Invicta/Invictian%20Gods/Vesta%20The%20Guardian%20of%20the%20Sacred%20Fire%2011df1754c40381029277e38d960b57ac.csv) ",Invictian Lesser God,"Home, Warmth",Halfling,Lawful Good,
"Victoria, The Goddess of Triumph","Victoria, The Goddess of Triumph (The%20Continent/Pantheons/Untitled/Imperium%20Invicta/Invictian%20Gods/Victoria,%20The%20Goddess%20of%20Triumph%2011df1754c40381a19efddf22488507b3.csv) ",Invictian Lesser God,"Victory, Honor",Leonin,Chaotic Good,
"Vis, The Goddess of Strength","Vis, The Goddess of Strength (The%20Continent/Pantheons/Untitled/Imperium%20Invicta/Invictian%20Gods/Vis,%20The%20Goddess%20of%20Strength%2011df1754c40381b5a2e5d7b428bbad98.csv) ",Invictian Lesser God,"Strength, Resilience",Dragonborn,Lawful Neutral,
"Vulcan, The Artisan of Creation","Vulcan, The Artisan of Creation (The%20Continent/Pantheons/Untitled/Imperium%20Invicta/Invictian%20Gods/Vulcan,%20The%20Artisan%20of%20Creation%2011df1754c40381529d7cddb5a9c9edf7.csv) ",Invictian Lesser God,Craftmanship,Warforged,Lawful Neutral,
"Hajama, The God of Valor","Hajama, The God of Valor (The%20Continent/Pantheons/Untitled/Acheaorian/Acheaorian%20Gods/Hajama,%20The%20God%20of%20Valor%20139f1754c40381c4b5ecfcd577ac9350.csv) ",Acheaorian Lesser God,War Strategy,Leonin,Lawful Neutral,
"Hakiyah, The Just Scales","Hakiyah, The Just Scales (The%20Continent/Pantheons/Untitled/Acheaorian/Acheaorian%20Gods/Hakiyah,%20The%20Just%20Scales%20139f1754c40381738f90f563dcbd040d.csv) ",Acheaorian Lesser God,Justice and Truth,Protector Aasimar,Lawful Good,
"Haku, The Liberator","Haku, The Liberator (The%20Continent/Pantheons/Untitled/Acheaorian/Acheaorian%20Gods/Haku,%20The%20Liberator%20139f1754c40381389813dfc77aaa0802.csv) ",Acheaorian Lesser God,Freedom of Spirit,Variant Elf,Chaotic Good,
"Jisan, The Bountiful","Jisan, The Bountiful (The%20Continent/Pantheons/Untitled/Acheaorian/Acheaorian%20Gods/Jisan,%20The%20Bountiful%20139f1754c4038152adbec143ea9f8de6.csv) ",Acheaorian Lesser God,Harvest and Growth,Firbolg,Neutral Evil,
"Kor, The Sage of Ages","Kor, The Sage of Ages (The%20Continent/Pantheons/Untitled/Acheaorian/Acheaorian%20Gods/Kor,%20The%20Sage%20of%20Ages%20139f1754c403813f996cd225643f908f.csv) ",Acheaorian Lesser God,Wisdom of Ages,Deep Gnome,Lawful Neutral,
"Najm, The Explorer","Najm, The Explorer (The%20Continent/Pantheons/Untitled/Acheaorian/Acheaorian%20Gods/Najm,%20The%20Explorer%20139f1754c403812cb85cf33f68ddf9eb.csv) ",Acheaorian Lesser God,Paths of Adventure,Half Elf,Chaotic Neutral,
"Selan, The Enchantress","Selan, The Enchantress (The%20Continent/Pantheons/Untitled/Acheaorian/Acheaorian%20Gods/Selan,%20The%20Enchantress%20139f1754c403817b8363dcb469ffd073.csv) ",Acheaorian Lesser God,Aesthetic Inspiration,High Elf,Chaotic Good,
"Zann, The Illuminator","Zann, The Illuminator (The%20Continent/Pantheons/Untitled/Acheaorian/Acheaorian%20Gods/Zann,%20The%20Illuminator%20139f1754c403813db771ec2282402f64.csv) ",Acheaorian Lesser God,Knowledge and Understanding,Air Genasi,True Neutral,
"Jauhar, The Gilded","Jauhar, The Gilded (The%20Continent/Pantheons/Untitled/Acheaorian/Acheaorian%20Gods/Jauhar,%20The%20Gilded%20139f1754c4038129b815c5991aade9ce.csv) ",Acheaorian Lesser God,Prosperity and Fortune,Hill Dwarf,True Neutral,
"Bala, The Melodic","Bala, The Melodic (The%20Continent/Pantheons/Untitled/Acheaorian/Acheaorian%20Gods/Bala,%20The%20Melodic%20139f1754c403817586a6e85dc56812a4.csv) ",Acheaorian Lesser God,Music and Joy,Satyr,Chaotic Good,
"Jarmik, The Benevolent","Jarmik, The Benevolent (The%20Continent/Pantheons/Untitled/Acheaorian/Acheaorian%20Gods/Jarmik,%20The%20Benevolent%20139f1754c40381c19522e314b8187135.csv) ",Acheaorian Lesser God,Charity and Community,Halfling,Neutral Good,
"Vatagatal, The Dutiful","Vatagatal, The Dutiful (The%20Continent/Pantheons/Untitled/Acheaorian/Acheaorian%20Gods/Vatagatal,%20The%20Dutiful%20139f1754c40381fabd77fb690e789879.csv) ",Acheaorian Lesser God,Honor and Responsibility,Hobgoblin,Lawful Neutral,
"Botu’Astook, The Kinkeeper","Botu’Astook, The Kinkeeper (The%20Continent/Pantheons/Untitled/Acheaorian/Acheaorian%20Gods/Botu%E2%80%99Astook,%20The%20Kinkeeper%20139f1754c403817f8582ecde16bceaad.csv) ",Acheaorian Lesser God,Heritage and Kinship,Centaur,True Neutral,
"Kiga, The Beastmaster","Kiga, The Beastmaster (The%20Continent/Pantheons/Untitled/Acheaorian/Acheaorian%20Gods/Kiga,%20The%20Beastmaster%20139f1754c40381ff97e6eec72947cea1.csv) ",Acheaorian Lesser God,Predation and Strength,Tabaxi,Neutral Evil,
"Lotha, The Shadow Queen","Lotha, The Shadow Queen (The%20Continent/Pantheons/Untitled/Acheaorian/Acheaorian%20Gods/Lotha,%20The%20Shadow%20Queen%20139f1754c40381568f1bee630b7c2419.csv) ",Acheaorian Lesser God,Deceit and Darkness,Drow,Chaotic Evil,
"Migal, The Silent","Migal, The Silent (The%20Continent/Pantheons/Untitled/Acheaorian/Acheaorian%20Gods/Migal,%20The%20Silent%20139f1754c403811b911fdd2403f6e23a.csv) ",Acheaorian Lesser God,Stealth and Knowledge,Changeling,Lawful Neutral,
"Ragarra, The Wild Fury","Ragarra, The Wild Fury (The%20Continent/Pantheons/Untitled/Acheaorian/Acheaorian%20Gods/Ragarra,%20The%20Wild%20Fury%20139f1754c403814f9ef0e30bdb4169b4.csv) ",Acheaorian Lesser God,Nature’s Fury and Chaos,Yuan-Ti Pureblood,Chaotic Neutral,
"Shajar, The River Guardian","Shajar, The River Guardian (The%20Continent/Pantheons/Untitled/Acheaorian/Acheaorian%20Gods/Shajar,%20The%20River%20Guardian%20139f1754c40381f4be33f7bda3133580.csv) ",Acheaorian Lesser God,Water and Life,Triton,True Neutral,
"Beast, The Savage","Beast, The Savage (The%20Continent/Pantheons/Untitled/Acheaorian/Acheaorian%20Gods/Beast,%20The%20Savage%20139f1754c40381c987c1e1b9b3783407.csv) ",Acheaorian Lesser God,Untamed Strength and War,Shifter,Chaotic Neutral,
"Kar’r’rga, The Temperental","Kar’r’rga, The Temperental (The%20Continent/Pantheons/Untitled/Acheaorian/Acheaorian%20Gods/Kar%E2%80%99r%E2%80%99rga,%20The%20Temperental%20139f1754c40381a48816fe9ae95e4c79.csv) ",Acheaorian Lesser God,Tempest and the Sea,Variant Triton,Chaotic Neutral,
"Drummern and Pag, The Tempest Twins","Drummern and Pag, The Tempest Twins (The%20Continent/Pantheons/Untitled/Acheaorian/Acheaorian%20Gods/Drummern%20and%20Pag,%20The%20Tempest%20Twins%20139f1754c403811f8ee9dccc46ada62f.csv) ",Acheaorian Lesser God,Rhythm of the Storms,Merfolk,Chaotic Neutral,
"The Faceless God, The Masked Doom","The Faceless God, The Masked Doom (The%20Continent/Pantheons/Untitled/Acheaorian/Acheaorian%20Gods/The%20Faceless%20God,%20The%20Masked%20Doom%20139f1754c40381709c0fc2da526dd805.csv) ",Acheaorian Lesser God,Evil and Darkness,Warforged,Chaotic Evil,
"The Lost One, The Exiled","The Lost One, The Exiled (The%20Continent/Pantheons/Untitled/Acheaorian/Acheaorian%20Gods/The%20Lost%20One,%20The%20Exiled%20139f1754c403812f99a9c426a52a776f.csv) ",Acheaorian Lesser God,Exile and Longing,Aarakocra,Chaotic Neutral,
"Thasmudayan, The Harbringer of the Undying","Thasmudayan, The Harbringer of the Undying (The%20Continent/Pantheons/Untitled/Acheaorian/Acheaorian%20Gods/Thasmudayan,%20The%20Harbringer%20of%20the%20Undying%20139f1754c40381e4a7cfc57985cbc434.csv) ",Acheaorian Lesser God,Death and Undeath,Dhampir,Neutral Evil,
"Auril, Goddess of Winter","Auril, Goddess of Winter (The%20Continent/Pantheons/Untitled/Ascended/Asetherian%20Ascended/Auril,%20Goddess%20of%20Winter%20139f1754c4038136a4bfc70799021497.csv) ",Asetherian Ascended God,"Nature, Tempest",Frost Genasi,Neutral Evil,
"Azuth, God of Wizards","Azuth, God of Wizards (The%20Continent/Pantheons/Untitled/Ascended/Asetherian%20Ascended/Azuth,%20God%20of%20Wizards%20139f1754c40381da9265efabd0949eca.csv) ",Asetherian Ascended God,Knowledge,High Elf,Lawful Neutral,
"Bane, God of Tyranny","Bane, God of Tyranny (The%20Continent/Pantheons/Untitled/Ascended/Asetherian%20Ascended/Bane,%20God%20of%20Tyranny%20139f1754c40381ff8fb8eeb44f192e7f.csv) ",Asetherian Ascended God,War,Hobgoblin,Lawful Evil,
"Beshaba, Goddess of Misfortune","Beshaba, Goddess of Misfortune (The%20Continent/Pantheons/Untitled/Ascended/Asetherian%20Ascended/Beshaba,%20Goddess%20of%20Misfortune%20139f1754c40381a897edc4fc44340ec1.csv) ",Asetherian Ascended God,Trickery,Night Hag,Chaotic Evil,
"Bhaal, God of Murder","Bhaal, God of Murder (The%20Continent/Pantheons/Untitled/Ascended/Asetherian%20Ascended/Bhaal,%20God%20of%20Murder%20139f1754c4038138a437c14471acd7ae.csv) ",Asetherian Ascended God,Death,Vampire,Neutral Evil,
"Chauntea, Goddess of Agriculture","Chauntea, Goddess of Agriculture (The%20Continent/Pantheons/Untitled/Ascended/Asetherian%20Ascended/Chauntea,%20Goddess%20of%20Agriculture%20139f1754c40381c48799f11660f27c9c.csv) ",Asetherian Ascended God,Life,Treant,Neutral Good,
"Cyric, God of Lies","Cyric, God of Lies (The%20Continent/Pantheons/Untitled/Ascended/Asetherian%20Ascended/Cyric,%20God%20of%20Lies%20139f1754c40381b193bbc917cec50d78.csv) ",Asetherian Ascended God,Trickery,Changeling,Chaotic Evil,
"Deneir, God of Writing","Deneir, God of Writing (The%20Continent/Pantheons/Untitled/Ascended/Asetherian%20Ascended/Deneir,%20God%20of%20Writing%20139f1754c40381fcbb24e679e337571e.csv) ",Asetherian Ascended God,Knowledge,Half-Elf,Neutral Good,
"Eldath, Goddess of Peace","Eldath, Goddess of Peace (The%20Continent/Pantheons/Untitled/Ascended/Asetherian%20Ascended/Eldath,%20Goddess%20of%20Peace%20139f1754c4038142aa47cdd53951cd66.csv) ",Asetherian Ascended God,"Life, Light",Water Genasi,Neutral Good,
"Gond, God of Craft","Gond, God of Craft (The%20Continent/Pantheons/Untitled/Ascended/Asetherian%20Ascended/Gond,%20God%20of%20Craft%20139f1754c4038178a815ec30acdac26f.csv) ",Asetherian Ascended God,Knowledge,Modron,True Neutral,
"Helm, God of Protection","Helm, God of Protection (The%20Continent/Pantheons/Untitled/Ascended/Asetherian%20Ascended/Helm,%20God%20of%20Protection%20139f1754c40381ad9691daa97d5448ba.csv) ",Asetherian Ascended God,"Life, Light",Goliath,Lawful Neutral,
"Ilmater, God of Endurance","Ilmater, God of Endurance (The%20Continent/Pantheons/Untitled/Ascended/Asetherian%20Ascended/Ilmater,%20God%20of%20Endurance%20139f1754c40381c2bc5aeb9c2be0a465.csv) ",Asetherian Ascended God,Life,Celestial Coutl,Lawful Good,
"Kelemvor, God of the Dead","Kelemvor, God of the Dead (The%20Continent/Pantheons/Untitled/Ascended/Asetherian%20Ascended/Kelemvor,%20God%20of%20the%20Dead%20139f1754c4038151a3ebc85bc326f596.csv) ",Asetherian Ascended God,Death,Revenant,Lawful Neutral,
"Lathander, God of Birth and Renewal","Lathander, God of Birth and Renewal (The%20Continent/Pantheons/Untitled/Ascended/Asetherian%20Ascended/Lathander,%20God%20of%20Birth%20and%20Renewal%20139f1754c40381c0824fec50acac45f5.csv) ",Asetherian Ascended God,"Life, Light",Aasimar,Neutral Good,
"Leira, Goddess of Illusion","Leira, Goddess of Illusion (The%20Continent/Pantheons/Untitled/Ascended/Asetherian%20Ascended/Leira,%20Goddess%20of%20Illusion%20139f1754c403817c9997ea590bf85350.csv) ",Asetherian Ascended God,Trickery,Shadow Demon,Chaotic Neutral,
"Lliira, Goddess of Joy","Lliira, Goddess of Joy (The%20Continent/Pantheons/Untitled/Ascended/Asetherian%20Ascended/Lliira,%20Goddess%20of%20Joy%20139f1754c4038125adf2db1f14f9c89c.csv) ",Asetherian Ascended God,Life,Sprite/Fairy,Chaotic Good,
"Loviatar, Goddess of Pain","Loviatar, Goddess of Pain (The%20Continent/Pantheons/Untitled/Ascended/Asetherian%20Ascended/Loviatar,%20Goddess%20of%20Pain%20139f1754c40381beb232d97e86c94c4d.csv) ",Asetherian Ascended God,Death,Drow,Lawful Evil,
"Malar, God of the Hunt","Malar, God of the Hunt (The%20Continent/Pantheons/Untitled/Ascended/Asetherian%20Ascended/Malar,%20God%20of%20the%20Hunt%20139f1754c4038179905cf8daee3fc887.csv) ",Asetherian Ascended God,Nature,Shifter,Chaotic Evil,
"Mask, God of Thieves","Mask, God of Thieves (The%20Continent/Pantheons/Untitled/Ascended/Asetherian%20Ascended/Mask,%20God%20of%20Thieves%20139f1754c403810b86bfe86f940ddb65.csv) ",Asetherian Ascended God,Trickery,Kenku,Chaotic Neutral,
"Mielikki, Goddess of Forest","Mielikki, Goddess of Forest (The%20Continent/Pantheons/Untitled/Ascended/Asetherian%20Ascended/Mielikki,%20Goddess%20of%20Forest%20139f1754c403817b8ac6cf4484a1391a.csv) ",Asetherian Ascended God,Nature,Dryad,Neutral Good,
"Milil, God of Poetry and Song","Milil, God of Poetry and Song (The%20Continent/Pantheons/Untitled/Ascended/Asetherian%20Ascended/Milil,%20God%20of%20Poetry%20and%20Song%20139f1754c403814fbd43f6b919813d21.csv) ",Asetherian Ascended God,Light,Harpy,Neutral Good,
"Myrkul, God of Death","Myrkul, God of Death (The%20Continent/Pantheons/Untitled/Ascended/Asetherian%20Ascended/Myrkul,%20God%20of%20Death%20139f1754c40381938fbbe274d82a8867.csv) ",Asetherian Ascended God,Death,Lich,Neutral Evil,
"Mystra, Goddess of Magic","Mystra, Goddess of Magic (The%20Continent/Pantheons/Untitled/Ascended/Asetherian%20Ascended/Mystra,%20Goddess%20of%20Magic%20139f1754c40381a49521d4b976ccaead.csv) ",Asetherian Ascended God,Knowledge,Eladrin,Neutral Good,
"Oghma, God of Knowledge","Oghma, God of Knowledge (The%20Continent/Pantheons/Untitled/Ascended/Asetherian%20Ascended/Oghma,%20God%20of%20Knowledge%20139f1754c4038130959ad431529a3b33.csv) ",Asetherian Ascended God,Knowledge,Gnome,True Neutral,
"Savras, God of Divination and Fate","Savras, God of Divination and Fate (The%20Continent/Pantheons/Untitled/Ascended/Asetherian%20Ascended/Savras,%20God%20of%20Divination%20and%20Fate%20139f1754c403815790e2f689a2a0365d.csv) ",Asetherian Ascended God,Knowledge,Kalashtar,Lawaful Neutral,
"Selune, Goddess of the Moon","Selune, Goddess of the Moon (The%20Continent/Pantheons/Untitled/Ascended/Asetherian%20Ascended/Selune,%20Goddess%20of%20the%20Moon%20139f1754c403816bbd24c9483b6831c4.csv) ",Asetherian Ascended God,"Knowledge, Life",Eladrin,Chaotic Good,
"Shar, Goddess of Darkness and Loss","Shar, Goddess of Darkness and Loss (The%20Continent/Pantheons/Untitled/Ascended/Asetherian%20Ascended/Shar,%20Goddess%20of%20Darkness%20and%20Loss%20139f1754c403818e8b69cd2f58458e08.csv) ",Asetherian Ascended God,"Death, Trickery",Shadar-Kai,Neautral Evil,
"Silvanus, God of Wild Nature","Silvanus, God of Wild Nature (The%20Continent/Pantheons/Untitled/Ascended/Asetherian%20Ascended/Silvanus,%20God%20of%20Wild%20Nature%20139f1754c40381279384c6fdbac99ae2.csv) ",Asetherian Ascended God,Nature,Firbolg,True Neutral,
"Sune, Goddess of Love and Beauty","Sune, Goddess of Love and Beauty (The%20Continent/Pantheons/Untitled/Ascended/Asetherian%20Ascended/Sune,%20Goddess%20of%20Love%20and%20Beauty%20139f1754c40381b29758d8f841afe091.csv) ",Asetherian Ascended God,"Life, Light",Nymph,Chaotic Good,
"Talona, Goddess of Disease and Poison","Talona, Goddess of Disease and Poison (The%20Continent/Pantheons/Untitled/Ascended/Asetherian%20Ascended/Talona,%20Goddess%20of%20Disease%20and%20Poison%20139f1754c403812e9e43e2743f858337.csv) ",Asetherian Ascended God,Death,Medusa,Chaotic Evil,
"Talos, God of Storms","Talos, God of Storms (The%20Continent/Pantheons/Untitled/Ascended/Asetherian%20Ascended/Talos,%20God%20of%20Storms%20139f1754c403813ba012ffcf5fa927d0.csv) ",Asetherian Ascended God,Tempest,Storm Giant,Chaotic Evil,
"Tempus, God of War","Tempus, God of War (The%20Continent/Pantheons/Untitled/Ascended/Asetherian%20Ascended/Tempus,%20God%20of%20War%20139f1754c403812d85c6e36df0fb0afb.csv) ",Asetherian Ascended God,War,Goliath,True Neutral,
"Torm, God of Courage and Self-Sacrifice","Torm, God of Courage and Self-Sacrifice (The%20Continent/Pantheons/Untitled/Ascended/Asetherian%20Ascended/Torm,%20God%20of%20Courage%20and%20Self-Sacrifice%20139f1754c4038147b608f8ad33b8f22e.csv) ",Asetherian Ascended God,War,Aasimar,Lawful Good,
"Tymora, Goddess of Good Fortune","Tymora, Goddess of Good Fortune (The%20Continent/Pantheons/Untitled/Ascended/Asetherian%20Ascended/Tymora,%20Goddess%20of%20Good%20Fortune%20139f1754c40381dc8a95de6f367dfa0f.csv) ",Asetherian Ascended God,Trickery,Halfling,Chaotic Good,
"Tyr, God of Justice","Tyr, God of Justice (The%20Continent/Pantheons/Untitled/Ascended/Asetherian%20Ascended/Tyr,%20God%20of%20Justice%20139f1754c4038189adddf027fe5ca28b.csv) ",Asetherian Ascended God,War,Aasiamar,Lawful Good,
"Umberlee, Goddess of the Sea","Umberlee, Goddess of the Sea (The%20Continent/Pantheons/Untitled/Ascended/Asetherian%20Ascended/Umberlee,%20Goddess%20of%20the%20Sea%20139f1754c40381d08723e8028daa0656.csv) ",Asetherian Ascended God,Tempest,Kraken/Triton,Chaotic Evil,
"Waukeen, God of Trade","Waukeen, God of Trade (The%20Continent/Pantheons/Untitled/Ascended/Asetherian%20Ascended/Waukeen,%20God%20of%20Trade%20139f1754c40381dc9286e9c27fc4d70b.csv) ",Asetherian Ascended God,"Knowledge, Trickery",Half-Elf,True Neutral,
"Adamus, The Earth Keeper","Adamus, The Earth Keeper (The%20Continent/Pantheons/Untitled/Titans/Asetherian%20Titans/Adamus,%20The%20Earth%20Keeper%20139f1754c40381b781d9c3b15d4ffbca.csv) ",Aetherian Ancient Titan,"Earth, Agriculture",Ancient Titan,True Neutral,
"Andes, Titan of Dawn","Andes, Titan of Dawn (The%20Continent/Pantheons/Untitled/Titans/Asetherian%20Titans/Andes,%20Titan%20of%20Dawn%20139f1754c40381a1baa0f0cc1853d4ac.csv) ",Aetherian Ancient Titan,"Light, Renewal",Ancient Titan,"True Neutral ",
"Anchiale, The Flame Artisan","Anchiale, The Flame Artisan (The%20Continent/Pantheons/Untitled/Titans/Asetherian%20Titans/Anchiale,%20The%20Flame%20Artisan%20139f1754c4038158971cccf3378cb008.csv) ",Aetherian Ancient Titan,"Fire, Craft",Ancient Titan,Chaotic Neutral,
"Anytus, Titan of Order","Anytus, Titan of Order (The%20Continent/Pantheons/Untitled/Titans/Asetherian%20Titans/Anytus,%20Titan%20of%20Order%20139f1754c4038156ae51f3120ee8db2d.csv) ",Aetherian Ancient Titan,"Nature, Order",Ancient Titan,Lawful Neutral,
"Asteria, The Night Seer","Asteria, The Night Seer (The%20Continent/Pantheons/Untitled/Titans/Asetherian%20Titans/Asteria,%20The%20Night%20Seer%20139f1754c40381a592d4c23621c6f08a.csv) ",Aetherian Ancient Titan,"Night, Prophecy",Ancient Titan,Chaotic Good,
"Astraeus, Titan of the Wind","Astraeus, Titan of the Wind (The%20Continent/Pantheons/Untitled/Titans/Asetherian%20Titans/Astraeus,%20Titan%20of%20the%20Wind%20139f1754c403819286ddf314285c468a.csv) ",Aetherian Ancient Titan,"Stars, Wind",Ancient Titan,"True Neutral ",
"Atlas, The Strength Bearer","Atlas, The Strength Bearer (The%20Continent/Pantheons/Untitled/Titans/Asetherian%20Titans/Atlas,%20The%20Strength%20Bearer%20139f1754c40381109ba7deae5b86c2d9.csv) ",Aetherian Ancient Titan,"Endurance, Strength",Ancient Titan,Lawful Neutral,
"Aura, Titan of Freedom","Aura, Titan of Freedom (The%20Continent/Pantheons/Untitled/Titans/Asetherian%20Titans/Aura,%20Titan%20of%20Freedom%20139f1754c4038145b06ed6e9fe96d834.csv) ",Aetherian Ancient Titan,"Air, Freedom",Ancient Titan,Chaotic Neutral,
"Clymene, The Deceptive Muse","Clymene, The Deceptive Muse (The%20Continent/Pantheons/Untitled/Titans/Asetherian%20Titans/Clymene,%20The%20Deceptive%20Muse%20139f1754c40381ab91e9fcf6ab276797.csv) ",Aetherian Ancient Titan,"Fame, Deception",Ancient Titan,Neutral Good,
"Coeus, Titan of Shadows","Coeus, Titan of Shadows (The%20Continent/Pantheons/Untitled/Titans/Asetherian%20Titans/Coeus,%20Titan%20of%20Shadows%20139f1754c40381dfb06eeca633c08b9a.csv) ",Aetherian Ancient Titan,"Knowledge, Shadows",Ancient Titan,Neutral Evil,
"Crius, The War Strategist","Crius, The War Strategist (The%20Continent/Pantheons/Untitled/Titans/Asetherian%20Titans/Crius,%20The%20War%20Strategist%20139f1754c40381a3a7ded270bcfb167c.csv) ",Aetherian Ancient Titan,"Constellations, Conflict",Ancient Titan,Lawful Evil,
"Cronus, Titan of Time","Cronus, Titan of Time (The%20Continent/Pantheons/Untitled/Titans/Asetherian%20Titans/Cronus,%20Titan%20of%20Time%20139f1754c40381f09941ec379805c544.csv) ",Aetherian Ancient Titan,"Time, Harvest",Ancient Titan,Lawful Evil,
"Curetes, Titan of Trickery","Curetes, Titan of Trickery (The%20Continent/Pantheons/Untitled/Titans/Asetherian%20Titans/Curetes,%20Titan%20of%20Trickery%20139f1754c403817bb3d9d8162993b052.csv) ",Aetherian Ancient Titan,"War, Trickery",Ancient Titan,Chaotic Neutral,
"Dione, The Life Seer","Dione, The Life Seer (The%20Continent/Pantheons/Untitled/Titans/Asetherian%20Titans/Dione,%20The%20Life%20Seer%20139f1754c40381f88870edbd192907ac.csv) ",Aetherian Ancient Titan,"Propecy, Life",Ancient Titan,Neutral Good,
"Eos, Titan of Light","Eos, Titan of Light (The%20Continent/Pantheons/Untitled/Titans/Asetherian%20Titans/Eos,%20Titan%20of%20Light%20139f1754c403812f937ee51cede9916f.csv) ",Aetherian Ancient Titan,"Light, Dawn",Ancient Titan,Neutral Good,
"Epimetheus,, The Beast Tamer","Epimetheus,, The Beast Tamer (The%20Continent/Pantheons/Untitled/Titans/Asetherian%20Titans/Epimetheus,,%20The%20Beast%20Tamer%20139f1754c403810a828eeba7d1e6cda9.csv) ",Aetherian Ancient Titan,"Beast, Impulse",Ancient Titan,Chaotic Neutral,
Eurybia. Titan of Storms,"Eurybia. Titan of Storms (The%20Continent/Pantheons/Untitled/Titans/Asetherian%20Titans/Eurybia%20Titan%20of%20Storms%20139f1754c403811db722eedf9ea65682.csv) ",Aetherian Ancient Titan,"Sea, Storms",Ancient Titan,"True Neutral ",
"Eurynome, The Harmony","Eurynome, The Harmony (The%20Continent/Pantheons/Untitled/Titans/Asetherian%20Titans/Eurynome,%20The%20Harmony%20139f1754c40381d2a60fec0e00ae1f7e.csv) ",Aetherian Ancient Titan,"Nature, Harmony",Ancient Titan,Neutral Good,
"Gigantes, Titan of Chaos","Gigantes, Titan of Chaos (The%20Continent/Pantheons/Untitled/Titans/Asetherian%20Titans/Gigantes,%20Titan%20of%20Chaos%20139f1754c403816992b3c2390cf09fe3.csv) ",Aetherian Ancient Titan,"Strength, Chaos",Ancient Titan,Chaotic Neutral,
"Helios, Titan of Vitality","Helios, Titan of Vitality (The%20Continent/Pantheons/Untitled/Titans/Asetherian%20Titans/Helios,%20Titan%20of%20Vitality%20139f1754c40381c4bbb3e928f41e40fe.csv) ",Aetherian Ancient Titan,"Sun, Vitality",Ancient Titan,Neutral Good,
"Hoplodamus, Titan of Guardianship","Hoplodamus, Titan of Guardianship (The%20Continent/Pantheons/Untitled/Titans/Asetherian%20Titans/Hoplodamus,%20Titan%20of%20Guardianship%20139f1754c40381c6b29bc47ec63bb746.csv) ",Aetherian Ancient Titan,"War, Guardianship",Ancient Titan,Lawful Neutral,
"Hyperion, Titan of Knowledge","Hyperion, Titan of Knowledge (The%20Continent/Pantheons/Untitled/Titans/Asetherian%20Titans/Hyperion,%20Titan%20of%20Knowledge%20139f1754c4038122a88dc4507a30ffce.csv) ",Aetherian Ancient Titan,"Light, Knowledge",Ancient Titan," Neutral Good",
"Iapetus, The Doom Herald","Iapetus, The Doom Herald (The%20Continent/Pantheons/Untitled/Titans/Asetherian%20Titans/Iapetus,%20The%20Doom%20Herald%20139f1754c40381f1838fe1afeed06e6e.csv) ",Aetherian Ancient Titan,"Mortality, Doom",Ancient Titan,Lawful Evil,
"Lelantos, Titan of the Wild","Lelantos, Titan of the Wild (The%20Continent/Pantheons/Untitled/Titans/Asetherian%20Titans/Lelantos,%20Titan%20of%20the%20Wild%20139f1754c40381908b26c8d5ef766d4d.csv) ",Aetherian Ancient Titan,"Stealth, Wilderness",Ancient Titan,Chaotic Neutral,
"Leto, The Graceful Mother","Leto, The Graceful Mother (The%20Continent/Pantheons/Untitled/Titans/Asetherian%20Titans/Leto,%20The%20Graceful%20Mother%20139f1754c403811483e3e41c317a6668.csv) ",Aetherian Ancient Titan,"Motherhood, Grace",Ancient Titan,Neutral Good,
"Megamedes, Titan of Strategy","Megamedes, Titan of Strategy (The%20Continent/Pantheons/Untitled/Titans/Asetherian%20Titans/Megamedes,%20Titan%20of%20Strategy%20139f1754c403812cb865e4479b638ba8.csv) ",Aetherian Ancient Titan,"Strategy, Command",Ancient Titan,Lawful Evil,
"Melisseus, The Abundant Guardian","Melisseus, The Abundant Guardian (The%20Continent/Pantheons/Untitled/Titans/Asetherian%20Titans/Melisseus,%20The%20Abundant%20Guardian%20139f1754c40381609cf9e381ffff0f68.csv) ",Aetherian Ancient Titan,"Protection, Abundance",Ancient Titan,Neutral Good,
"Menoetius, Titan of Destruction","Menoetius, Titan of Destruction (The%20Continent/Pantheons/Untitled/Titans/Asetherian%20Titans/Menoetius,%20Titan%20of%20Destruction%20139f1754c40381f28054f1bfa442398a.csv) ",Aetherian Ancient Titan,"Destruction, Wrath",Ancient Titan,Chaotic Evil,
"Metis, The Wise Strategist","Metis, The Wise Strategist (The%20Continent/Pantheons/Untitled/Titans/Asetherian%20Titans/Metis,%20The%20Wise%20Strategist%20139f1754c40381c2aec2f8ecc5507785.csv) ",Aetherian Ancient Titan,"Wisdom, Strategy",Ancient Titan,Chaotic Evil,
"Mnemosyne, The Keeper of Memories","Mnemosyne, The Keeper of Memories (The%20Continent/Pantheons/Untitled/Titans/Asetherian%20Titans/Mnemosyne,%20The%20Keeper%20of%20Memories%20139f1754c40381bd92ead187d5fbc120.csv) ",Aetherian Ancient Titan,"Memory, History",Ancient Titan,Lawful Neutral,
"Muses Elder, Titan of Inspiration","Clymene, The Deceptive Muse (The%20Continent/Pantheons/Untitled/Titans/Asetherian%20Titans/Clymene,%20The%20Deceptive%20Muse%20139f1754c40381ab91e9fcf6ab276797.csv) ",Aetherian Ancient Titan,"Music, Inspiration",Ancient Titan,Neutral Good,
"Mylinus, Titan of Endurance","Mylinus, Titan of Endurance (The%20Continent/Pantheons/Untitled/Titans/Asetherian%20Titans/Mylinus,%20Titan%20of%20Endurance%20139f1754c40381e5893aef3c0beb6568.csv) ",Aetherian Ancient Titan,"Endurancve, Stone",Ancient Titan,Chaotic Neutral,
"Oceanus, Titan of Exploration","Oceanus, Titan of Exploration (The%20Continent/Pantheons/Untitled/Titans/Asetherian%20Titans/Oceanus,%20Titan%20of%20Exploration%20139f1754c40381acab35c90d072a394a.csv) ",Aetherian Ancient Titan,"Water, Exploration",Ancient Titan,Lawful Neutral,
"Olymbrus, Titan of the Sky","Olymbrus, Titan of the Sky (The%20Continent/Pantheons/Untitled/Titans/Asetherian%20Titans/Olymbrus,%20Titan%20of%20the%20Sky%20139f1754c40381e6a69be159ef6a5a44.csv) ",Aetherian Ancient Titan,"Time, Sky",Ancient Titan,Lawful Neutral,
"Olympus, The Storm","Olympus, The Storm (The%20Continent/Pantheons/Untitled/Titans/Asetherian%20Titans/Olympus,%20The%20Storm%20139f1754c403817094d0d150996044fb.csv) ",Aetherian Ancient Titan,"Rebellion, Storms",Ancient Titan,Chaotic Neutral,
"Ophion, Titan of Creation","Ophion, Titan of Creation (The%20Continent/Pantheons/Untitled/Titans/Asetherian%20Titans/Ophion,%20Titan%20of%20Creation%20139f1754c403817dae0aea5fe7db007e.csv) ",Aetherian Ancient Titan,"Creation, Sky",Ancient Titan,"True Neutral ",
"Ostasus, The Timer","Ostasus, The Timer (The%20Continent/Pantheons/Untitled/Titans/Asetherian%20Titans/Ostasus,%20The%20Timer%20139f1754c40381a3b0d4f07ead2e45d9.csv) ",Aetherian Ancient Titan,"Time, Space",Ancient Titan,"True Neutral ",
"Pallas, Titan of Defense","Pallas, Titan of Defense (The%20Continent/Pantheons/Untitled/Titans/Asetherian%20Titans/Pallas,%20Titan%20of%20Defense%20139f1754c4038192a30dc38b580c9261.csv) ",Aetherian Ancient Titan,"War, Defense",Ancient Titan,Lawful Neutral,
"Perses, Titan of Annihilation","Perses, Titan of Annihilation (The%20Continent/Pantheons/Untitled/Titans/Asetherian%20Titans/Perses,%20Titan%20of%20Annihilation%20139f1754c40381d9a392ee6547876f3a.csv) ",Aetherian Ancient Titan,"Fire, Annihilation",Ancient Titan,Chaotic Evil,
"Phoebe, The Visionary","Phoebe, The Visionary (The%20Continent/Pantheons/Untitled/Titans/Asetherian%20Titans/Phoebe,%20The%20Visionary%20139f1754c403815da7e6ef471ba47b20.csv) ",Aetherian Ancient Titan,"Prophecy, Vision",Ancient Titan,Lawful Neutral,
"Phorcys, Titan of Monsters","Phorcys, Titan of Monsters (The%20Continent/Pantheons/Untitled/Titans/Asetherian%20Titans/Phorcys,%20Titan%20of%20Monsters%20139f1754c403814db91ce395ca0e9f1c.csv) ",Aetherian Ancient Titan,"Sea, Monsters",Ancient Titan,Lawful Neutral,
"Polus, Titan of Wisdom","Polus, Titan of Wisdom (The%20Continent/Pantheons/Untitled/Titans/Asetherian%20Titans/Polus,%20Titan%20of%20Wisdom%20139f1754c40381ada7e3e9a7a54ef119.csv) ",Aetherian Ancient Titan,"Stars, Knowledge",Ancient Titan,"True Neutral ",
"Prometheus, The Sacrificed Creator","Prometheus, The Sacrificed Creator (The%20Continent/Pantheons/Untitled/Titans/Asetherian%20Titans/Prometheus,%20The%20Sacrificed%20Creator%20139f1754c40381d4a4b9ed037bf4706d.csv) ",Aetherian Ancient Titan,"Creation, Sacrifice",Ancient Titan,Chaotic Good,
"Rhea, Titan of Life","Rhea, Titan of Life (The%20Continent/Pantheons/Untitled/Titans/Asetherian%20Titans/Rhea,%20Titan%20of%20Life%20139f1754c403817e8d6fe4473a4ac8c2.csv) ",Aetherian Ancient Titan,"Fertility, Life",Ancient Titan,Neutral Good,
"Selene, The Dream","Selene, The Dream (The%20Continent/Pantheons/Untitled/Titans/Asetherian%20Titans/Selene,%20The%20Dream%20139f1754c403811c92b6d2a4b73da32a.csv) ",Aetherian Ancient Titan,"Moon, Dreams",Ancient Titan,Neutral Good,
"Styx, Titan of Oaths","Styx, Titan of Oaths (The%20Continent/Pantheons/Untitled/Titans/Asetherian%20Titans/Styx,%20Titan%20of%20Oaths%20139f1754c4038125bef3c310931096d2.csv) ",Aetherian Ancient Titan,"Oaths, Death",Ancient Titan,Lawful Neutral,
"Syceus, Titan of Growth","Syceus, Titan of Growth (The%20Continent/Pantheons/Untitled/Titans/Asetherian%20Titans/Syceus,%20Titan%20of%20Growth%20139f1754c40381c99753cd85ab24ef4c.csv) ",Aetherian Ancient Titan,"Earth, Growth",Ancient Titan,Chaotic Neutral,
"Tethys, Titan of Navigation","Tethys, Titan of Navigation (The%20Continent/Pantheons/Untitled/Titans/Asetherian%20Titans/Tethys,%20Titan%20of%20Navigation%20139f1754c4038175be4ac3e9ce3b1f97.csv) ",Aetherian Ancient Titan,"Rivers, Navigation",Ancient Titan,Neutral Good,
"Theia, Titan of Light","Theia, Titan of Light (The%20Continent/Pantheons/Untitled/Titans/Asetherian%20Titans/Theia,%20Titan%20of%20Light%20139f1754c403818b9426cc1fb5f89bc5.csv) ",Aetherian Ancient Titan,"Light, Radiance",Ancient Titan,Neutral Good,
"Themis, Titan of Justice","Themis, Titan of Justice (The%20Continent/Pantheons/Untitled/Titans/Asetherian%20Titans/Themis,%20Titan%20of%20Justice%20139f1754c40381f38425f982917bbccb.csv) ",Aetherian Ancient Titan,"Law, Justice",Ancient Titan,Lawful Good,
"Titan, Titan of the Harvest","Titan, Titan of the Harvest (The%20Continent/Pantheons/Untitled/Titans/Asetherian%20Titans/Titan,%20Titan%20of%20the%20Harvest%20139f1754c403814ea14bd2c74711ea79.csv) ",Aetherian Ancient Titan,"Agriculture, Stars",Ancient Titan,"True Neutral ",
"Vaedoris, The Spear of Verdance","Vaedoris, The Spear of Verdance (The%20Continent/Pantheons/Untitled/Outer/Outer%20Gods/Vaedoris,%20The%20Spear%20of%20Verdance%20139f1754c40381e39ab1c854f7f2d847.csv) ",Dreaming Gods,"Flourishin, Renewal, Wild Instinct",Dryad,Chaotic Good,
"Horthonel, God of Fleeting Moments","Horthonel, God of Fleeting Moments (The%20Continent/Pantheons/Untitled/Outer/Outer%20Gods/Horthonel,%20God%20of%20Fleeting%20Moments%20139f1754c40381e2be05c7cfb4cea83f.csv) ",Dreaming Gods,"Ephemera, Inspiration, Lost Time",Couatl,Neutral,
"Saeronis, The River of Secrets","Saeronis, The River of Secrets (The%20Continent/Pantheons/Untitled/Outer/Outer%20Gods/Saeronis,%20The%20River%20of%20Secrets%20139f1754c403812eb5aef64674f7ec1f.csv) ",Dreaming Gods,"Forgotten Knowledge, Dreams, Cosmic Echoes",Night Hag,Neutral Evil,
"Tzarash, The Pale Guardian","Tzarash, The Pale Guardian (The%20Continent/Pantheons/Untitled/Outer/Outer%20Gods/Tzarash,%20The%20Pale%20Guardian%20139f1754c40381528e36f71e6a6e39c2.csv) ",Dreaming Gods,"Curses, Sacred Oaths, Temporal Guardianship",Ghost,Lawful Neutral,
"Velkora, The Flame Beyond Dawn","Velkora, The Flame Beyond Dawn (The%20Continent/Pantheons/Untitled/Outer/Outer%20Gods/Velkora,%20The%20Flame%20Beyond%20Dawn%20139f1754c40381a2a2f6cb8c258019d5.csv) ",Dreaming Gods,"Rebirth Through Fire, Twilight Revelation, Destruction",Phoenix,Chaotic Neutral,
"Urakh-Rynis, The Waiting Hunger","Urakh-Rynis, The Waiting Hunger (The%20Continent/Pantheons/Untitled/Outer/Outer%20Gods/Urakh-Rynis,%20The%20Waiting%20Hunger%20139f1754c40381d9a8abf54c83c3501e.csv) ",Dreaming Gods,"Paralysis, Dread, Predation of the Weak",Basilisk,Chaotic Evil,
"Kaelrath, The Burning Whisper","Kaelrath, The Burning Whisper (The%20Continent/Pantheons/Untitled/Outer/Outer%20Gods/Kaelrath,%20The%20Burning%20Whisper%20139f1754c40381e489aace753dc27feb.csv) ",Dreaming Gods,"Madness, Forbidden Illumination, Epiphany",Will-o’-Wisp,Chaotic Neutral,
"Glaithonel, The Seven Eyes Between Worlds","Glaithonel, The Seven Eyes Between Worlds (The%20Continent/Pantheons/Untitled/Outer/Outer%20Gods/Glaithonel,%20The%20Seven%20Eyes%20Between%20Worlds%20139f1754c403814da1f4ef0ea78b76b8.csv) ",Outer Gods,"Veiled Perception, Cosmic Voyages, Multiversal Sight",Beholder,Neutral,
"Aultheron, The Truth Incarnate","Aultheron, The Truth Incarnate (The%20Continent/Pantheons/Untitled/Outer/Outer%20Gods/Aultheron,%20The%20Truth%20Incarnate%20139f1754c40381c7ab78f0ee3a6ae3e3.csv) ",Outer Gods,"Absolute Truth, Domination of Will, Puppeteering",Elder Brain,Lawful Evil,
"Zarakhal, The Slumbering Core","Zarakhal, The Slumbering Core (The%20Continent/Pantheons/Untitled/Outer/Outer%20Gods/Zarakhal,%20The%20Slumbering%20Core%20139f1754c403811ca3eaf6b6cc123087.csv) ",Outer Gods,"Primordial Chaos, Stellar Dreams, Reality Shifting",Star Spawn,Chaotic Neutral,
"Thaun-Mirrath, The False Savior","Thaun-Mirrath, The False Savior (The%20Continent/Pantheons/Untitled/Outer/Outer%20Gods/Thaun-Mirrath,%20The%20False%20Savior%20139f1754c40381758447c09437eb08de.csv) ",Outer Gods,"False Hope, Shapeshifting, Imprisoned Power",Aboleth,Chaotic Evil,
"The Black Veil, Shroud of Cosmic Night","The Black Veil, Shroud of Cosmic Night (The%20Continent/Pantheons/Untitled/Outer/Outer%20Gods/The%20Black%20Veil,%20Shroud%20of%20Cosmic%20Night%20139f1754c40381b7aa70e67df5217f22.csv) ",Outer Gods,"Oblivion, Annihilation, Void Consumption",Shadow Demon,Neutral Evil,
"Moluth, The Living Womb","Moluth, The Living Womb (The%20Continent/Pantheons/Untitled/Outer/Outer%20Gods/Moluth,%20The%20Living%20Womb%20139f1754c40381b9bd2ef9796d033c36.csv) ",Outer Gods,"Birth of Horrors, Endless Gestation, Burrowing",Spawn of Kyuss,Chaotic Neutral,
"Maelthra, Lord of the Timeless Howl","Maelthra, Lord of the Timeless Howl (The%20Continent/Pantheons/Untitled/Outer/Outer%20Gods/Maelthra,%20Lord%20of%20the%20Timeless%20Howl%20139f1754c4038163941be71106f6e4ca.csv) ",Outer Gods,"Dimensional Rifts, Eternal Conflict, Shattered Minds",Howler,Neutral Evil,