Name,Alignment,Domains,Gods,Race,Symbol,Tags
"Leto, The Graceful Mother",Neutral Good,"Motherhood, Grace","Leto, The Graceful Mother (Titans/Asetherian%20Titans/Leto,%20The%20Graceful%20Mother%20139f1754c403811483e3e41c317a6668.md) ",Ancient Titan,,Aetherian Ancient Titan
"Somnus, The Patron of Reflection",True Neutral,"Sleep, Dreams","Somnus, The Patron of Reflection (Imperium%20Invicta/Invictian%20Gods/Somnus,%20The%20Patron%20of%20Reflection%2011df1754c4038105b7a1fe9606ccad31.md) ",High Elf,,Invictian Lesser God
Vesta. The Guardian of the Sacred Fire,Lawful Good,"Home, Warmth","Vesta. The Guardian of the Sacred Fire (Imperium%20Invicta/Invictian%20Gods/Vesta%20The%20Guardian%20of%20the%20Sacred%20Fire%2011df1754c40381029277e38d960b57ac.md) ",Halfling,,Invictian Lesser God
Terra. The Earthshaper,Neutral Good,"Land, Creation","Terra, The Earthshaper (Imperium%20Invicta/Invictian%20Gods/Terra,%20The%20Earthshaper%20139f1754c40380c7ac9aeadb23458308.md) ",Earth Genasi,,"Hellenorian Lesser God, Invictian Lesser God"
"Gigantes, Titan of Chaos",Chaotic Neutral,"Strength, Chaos","Gigantes, Titan of Chaos (Titans/Asetherian%20Titans/Gigantes,%20Titan%20of%20Chaos%20139f1754c403816992b3c2390cf09fe3.md) ",Ancient Titan,,Aetherian Ancient Titan
"Veritas, The Keeper of Truth",Lawful Good,"Truth, Illumination","Veritas, The Keeper of Truth (Imperium%20Invicta/Invictian%20Gods/Veritas,%20The%20Keeper%20of%20Truth%2011df1754c4038107a366c6cd4c5c9fe7.md) ",Human,,Invictian Lesser God
"Jupiter,, The Stormlord",Lawful Neutral,"Thunder, Authority","Jupiter,, The Stormlord (Imperium%20Invicta/Invictian%20Gods/Jupiter,,%20The%20Stormlord%2011df1754c40381079491cf8c65db1b08.md) ",Goliath,,Invictian Lesser God
"Mielikki, Goddess of Forest",Neutral Good,Nature,"Mielikki, Goddess of Forest (Ascended/Asetherian%20Ascended/Mielikki,%20Goddess%20of%20Forest%20139f1754c403817b8ac6cf4484a1391a.md) ",Dryad,,Asetherian Ascended God
"Aura, Titan of Freedom",Chaotic Neutral,"Air, Freedom","Aura, Titan of Freedom (Titans/Asetherian%20Titans/Aura,%20Titan%20of%20Freedom%20139f1754c4038145b06ed6e9fe96d834.md) ",Ancient Titan,,Aetherian Ancient Titan
"Bala, The Melodic",Chaotic Good,Music and Joy,"Bala, The Melodic (Acheaorian/Acheaorian%20Gods/Bala,%20The%20Melodic%20139f1754c403817586a6e85dc56812a4.md) ",Satyr,,Acheaorian Lesser God
"Torm, God of Courage and Self-Sacrifice",Lawful Good,War,"Torm, God of Courage and Self-Sacrifice (Ascended/Asetherian%20Ascended/Torm,%20God%20of%20Courage%20and%20Self-Sacrifice%20139f1754c4038147b608f8ad33b8f22e.md) ",Aasimar,,Asetherian Ascended God
"Ophion, Titan of Creation","True Neutral ","Creation, Sky","Ophion, Titan of Creation (Titans/Asetherian%20Titans/Ophion,%20Titan%20of%20Creation%20139f1754c403817dae0aea5fe7db007e.md) ",Ancient Titan,,Aetherian Ancient Titan
"Kelemvor, God of the Dead",Lawful Neutral,Death,"Kelemvor, God of the Dead (Ascended/Asetherian%20Ascended/Kelemvor,%20God%20of%20the%20Dead%20139f1754c4038151a3ebc85bc326f596.md) ",Revenant,,Asetherian Ascended God
"Selan, The Enchantress",Chaotic Good,Aesthetic Inspiration,"Selan, The Enchantress (Acheaorian/Acheaorian%20Gods/Selan,%20The%20Enchantress%20139f1754c403817b8363dcb469ffd073.md) ",High Elf,,Acheaorian Lesser God
"Mercury, The Trickster of Trade",Lawful Good,"Commerce, Cunning ","Mercury, The Trickster of Trade (Imperium%20Invicta/Invictian%20Gods/Mercury,%20The%20Trickster%20of%20Trade%2011df1754c40381159658d99b97cccd84.md) ",Tabaxi,,Invictian Lesser God
"Zann, The Illuminator",True Neutral,Knowledge and Understanding,"Zann, The Illuminator (Acheaorian/Acheaorian%20Gods/Zann,%20The%20Illuminator%20139f1754c403813db771ec2282402f64.md) ",Air Genasi,,Acheaorian Lesser God
"Neptune, The Sovereign of the Deep",Lawful Neutral,"Oceans, Sovereignty","Neptune, The Sovereign of the Deep (Imperium%20Invicta/Invictian%20Gods/Neptune,%20The%20Sovereign%20of%20the%20Deep%2011df1754c4038116b14ff273cb33221c.md) ",Triton,,Invictian Lesser God
"Venus, The Goddess of Beauty",Chaotic Good,"Beauty, Light of Love","Venus, The Goddess of Beauty (Imperium%20Invicta/Invictian%20Gods/Venus,%20The%20Goddess%20of%20Beauty%2011df1754c403811382cdf76234647061.md) ",Tiefling,,Invictian Lesser God
"Oceanus, Titan of Exploration",Lawful Neutral,"Water, Exploration","Oceanus, Titan of Exploration (Titans/Asetherian%20Titans/Oceanus,%20Titan%20of%20Exploration%20139f1754c40381acab35c90d072a394a.md) ",Ancient Titan,,Aetherian Ancient Titan
"Anytus, Titan of Order",Lawful Neutral,"Nature, Order","Anytus, Titan of Order (Titans/Asetherian%20Titans/Anytus,%20Titan%20of%20Order%20139f1754c4038156ae51f3120ee8db2d.md) ",Ancient Titan,,Aetherian Ancient Titan
"Kiga, The Beastmaster",Neutral Evil,Predation and Strength,"Kiga, The Beastmaster (Acheaorian/Acheaorian%20Gods/Kiga,%20The%20Beastmaster%20139f1754c40381ff97e6eec72947cea1.md) ",Tabaxi,,Acheaorian Lesser God
"Auril, Goddess of Winter",Neutral Evil,"Nature, Tempest","Auril, Goddess of Winter (Ascended/Asetherian%20Ascended/Auril,%20Goddess%20of%20Winter%20139f1754c4038136a4bfc70799021497.md) ",Frost Genasi,,Asetherian Ascended God
"Themis, Titan of Justice",Lawful Good,"Law, Justice","Themis, Titan of Justice (Titans/Asetherian%20Titans/Themis,%20Titan%20of%20Justice%20139f1754c40381f38425f982917bbccb.md) ",Ancient Titan,,Aetherian Ancient Titan
"Juno, The Protector of Bonds",Lawful Good,"Protection, Oaths","Juno, The Protector of Bonds (Imperium%20Invicta/Invictian%20Gods/Juno,%20The%20Protector%20of%20Bonds%2011df1754c4038129b664c5322f1c7305.md) ",Changeling,,Invictian Lesser God
"Cyric, God of Lies",Chaotic Evil,Trickery,"Cyric, God of Lies (Ascended/Asetherian%20Ascended/Cyric,%20God%20of%20Lies%20139f1754c40381b193bbc917cec50d78.md) ",Changeling,,Asetherian Ascended God
"Bane, God of Tyranny",Lawful Evil,War,"Bane, God of Tyranny (Ascended/Asetherian%20Ascended/Bane,%20God%20of%20Tyranny%20139f1754c40381ff8fb8eeb44f192e7f.md) ",Hobgoblin,,Asetherian Ascended God
"Proserpina, The Goddess of Fertility",Neutral Good,"Fertility, Rebirth","Proserpina, The Goddess of Fertility (Imperium%20Invicta/Invictian%20Gods/Proserpina,%20The%20Goddess%20of%20Fertility%2011df1754c4038127b52ae4e58aa3ffe6.md) ",Wood Elf,,Invictian Lesser God
"Nemesis, The Goddess of Retribution",True Neutral,"Vengeance, Balance","Nemesis, The Goddess of Retribution (Imperium%20Invicta/Invictian%20Gods/Nemesis,%20The%20Goddess%20of%20Retribution%2011df1754c40381289dc8f24e4f8fe1d1.md) ",Tiefling,,Invictian Lesser God
"Ilmater, God of Endurance",Lawful Good,Life,"Ilmater, God of Endurance (Ascended/Asetherian%20Ascended/Ilmater,%20God%20of%20Endurance%20139f1754c40381c2bc5aeb9c2be0a465.md) ",Celestial Coutl,,Asetherian Ascended God
"Adamus, The Earth Keeper",True Neutral,"Earth, Agriculture","Adamus, The Earth Keeper (Titans/Asetherian%20Titans/Adamus,%20The%20Earth%20Keeper%20139f1754c40381b781d9c3b15d4ffbca.md) ",Ancient Titan,,Aetherian Ancient Titan
"Faunus, The Keeper of the Plains",True Neutral,"Wildlife, Serenity","Faunus, The Keeper of the Plains (Imperium%20Invicta/Invictian%20Gods/Faunus,%20The%20Keeper%20of%20the%20Plains%2011df1754c4038130a5a3dfb4e3c49b5c.md) ",Tabaxi,,Invictian Lesser God
"Lathander, God of Birth and Renewal",Neutral Good,"Life, Light","Lathander, God of Birth and Renewal (Ascended/Asetherian%20Ascended/Lathander,%20God%20of%20Birth%20and%20Renewal%20139f1754c40381c0824fec50acac45f5.md) ",Aasimar,,Asetherian Ascended God
"Asteria, The Night Seer",Chaotic Good,"Night, Prophecy","Asteria, The Night Seer (Titans/Asetherian%20Titans/Asteria,%20The%20Night%20Seer%20139f1754c40381a592d4c23621c6f08a.md) ",Ancient Titan,,Aetherian Ancient Titan
"Migal, The Silent",Lawful Neutral,Stealth and Knowledge,"Migal, The Silent (Acheaorian/Acheaorian%20Gods/Migal,%20The%20Silent%20139f1754c403811b911fdd2403f6e23a.md) ",Changeling,,Acheaorian Lesser God
"Fortuna, The Wheel of Fatet",Neutral Good,"Luck, Fortune’s Change","Fortuna, The Wheel of Fatet (Imperium%20Invicta/Invictian%20Gods/Fortuna,%20The%20Wheel%20of%20Fatet%2011df1754c403813bb712df413199a35e.md) ",Wood Elf,,Invictian Lesser God
"Mnemosyne, The Keeper of Memories",Lawful Neutral,"Memory, History","Mnemosyne, The Keeper of Memories (Titans/Asetherian%20Titans/Mnemosyne,%20The%20Keeper%20of%20Memories%20139f1754c40381bd92ead187d5fbc120.md) ",Ancient Titan,,Aetherian Ancient Titan
"Talona, Goddess of Disease and Poison",Chaotic Evil,Death,"Talona, Goddess of Disease and Poison (Ascended/Asetherian%20Ascended/Talona,%20Goddess%20of%20Disease%20and%20Poison%20139f1754c403812e9e43e2743f858337.md) ",Medusa,,Asetherian Ascended God
"Olympus, The Storm",Chaotic Neutral,"Rebellion, Storms","Olympus, The Storm (Titans/Asetherian%20Titans/Olympus,%20The%20Storm%20139f1754c403817094d0d150996044fb.md) ",Ancient Titan,,Aetherian Ancient Titan
"Lotha, The Shadow Queen",Chaotic Evil,Deceit and Darkness,"Lotha, The Shadow Queen (Acheaorian/Acheaorian%20Gods/Lotha,%20The%20Shadow%20Queen%20139f1754c40381568f1bee630b7c2419.md) ",Drow,,Acheaorian Lesser God
"Deneir, God of Writing",Neutral Good,Knowledge,"Deneir, God of Writing (Ascended/Asetherian%20Ascended/Deneir,%20God%20of%20Writing%20139f1754c40381fcbb24e679e337571e.md) ",Half-Elf,,Asetherian Ascended God
"Polus, Titan of Wisdom","True Neutral ","Stars, Knowledge","Polus, Titan of Wisdom (Titans/Asetherian%20Titans/Polus,%20Titan%20of%20Wisdom%20139f1754c40381ada7e3e9a7a54ef119.md) ",Ancient Titan,,Aetherian Ancient Titan
Ceres. The Harvest Mother,Neutral Good,"Agriculture, Prosperity","Ceres. The Harvest Mother (Imperium%20Invicta/Invictian%20Gods/Ceres%20The%20Harvest%20Mother%2011df1754c4038144b147f5c165c8e6c3.md) ",Human,,Invictian Lesser God
"Silvanus, God of Wild Nature",True Neutral,Nature,"Silvanus, God of Wild Nature (Ascended/Asetherian%20Ascended/Silvanus,%20God%20of%20Wild%20Nature%20139f1754c40381279384c6fdbac99ae2.md) ",Firbolg,,Asetherian Ascended God
"Beast, The Savage",Chaotic Neutral,Untamed Strength and War,"Beast, The Savage (Acheaorian/Acheaorian%20Gods/Beast,%20The%20Savage%20139f1754c40381c987c1e1b9b3783407.md) ",Shifter,,Acheaorian Lesser God
"Pallas, Titan of Defense",Lawful Neutral,"War, Defense","Pallas, Titan of Defense (Titans/Asetherian%20Titans/Pallas,%20Titan%20of%20Defense%20139f1754c4038192a30dc38b580c9261.md) ",Ancient Titan,,Aetherian Ancient Titan
"Tymora, Goddess of Good Fortune",Chaotic Good,Trickery,"Tymora, Goddess of Good Fortune (Ascended/Asetherian%20Ascended/Tymora,%20Goddess%20of%20Good%20Fortune%20139f1754c40381dc8a95de6f367dfa0f.md) ",Halfling,,Asetherian Ascended God
"Milil, God of Poetry and Song",Neutral Good,Light,"Milil, God of Poetry and Song (Ascended/Asetherian%20Ascended/Milil,%20God%20of%20Poetry%20and%20Song%20139f1754c403814fbd43f6b919813d21.md) ",Harpy,,Asetherian Ascended God
"Thasmudayan, The Harbringer of the Undying",Neutral Evil,Death and Undeath,"Thasmudayan, The Harbringer of the Undying (Acheaorian/Acheaorian%20Gods/Thasmudayan,%20The%20Harbringer%20of%20the%20Undying%20139f1754c40381e4a7cfc57985cbc434.md) ",Dhampir,,Acheaorian Lesser God
"Astraeus, Titan of the Wind","True Neutral ","Stars, Wind","Astraeus, Titan of the Wind (Titans/Asetherian%20Titans/Astraeus,%20Titan%20of%20the%20Wind%20139f1754c403819286ddf314285c468a.md) ",Ancient Titan,,Aetherian Ancient Titan
"Cybele, Earthen Mother",True Neutral,"Fiora, Wilderness","Cybele, Earthen Mother (Imperium%20Invicta/Invictian%20Gods/Cybele,%20Earthen%20Mother%2011df1754c403814da9a0c49f60893167.md) ",Half Eladrin Elf,,Invictian Lesser God
"Savras, God of Divination and Fate",Lawaful Neutral,Knowledge,"Savras, God of Divination and Fate (Ascended/Asetherian%20Ascended/Savras,%20God%20of%20Divination%20and%20Fate%20139f1754c403815790e2f689a2a0365d.md) ",Kalashtar,,Asetherian Ascended God
"Waukeen, God of Trade",True Neutral,"Knowledge, Trickery","Waukeen, God of Trade (Ascended/Asetherian%20Ascended/Waukeen,%20God%20of%20Trade%20139f1754c40381dc9286e9c27fc4d70b.md) ",Half-Elf,,Asetherian Ascended God
"Nyx, The Mistress of the Void",Neutral Evil,"Darkness, Cosmic Mysteries","Nyx, The Mistress of the Void (Imperium%20Invicta/Invictian%20Gods/Nyx,%20The%20Mistress%20of%20the%20Void%20139f1754c403801193c1eb2dab822c7b.md) ",Drow,,"Hellenorian Lesser God, Invictian Lesser God"
"Epimetheus,, The Beast Tamer",Chaotic Neutral,"Beast, Impulse","Epimetheus,, The Beast Tamer (Titans/Asetherian%20Titans/Epimetheus,,%20The%20Beast%20Tamer%20139f1754c403810a828eeba7d1e6cda9.md) ",Ancient Titan,,Aetherian Ancient Titan
"Pomona, The Guardian Goddess of Harvest",Neutral Good,"Fruits, Harvest","Pomona, The Guardian Goddess of Harvest (Imperium%20Invicta/Invictian%20Gods/Pomona,%20The%20Guardian%20Goddess%20of%20Harvest%2011df1754c403814e9cedec669fbdda0a.md) ",Halfing,,Invictian Lesser God
"Senectus, The Patron of Rest",True Neutral,"Rest, Peaceful Death","Senectus, The Patron of Rest (Imperium%20Invicta/Invictian%20Gods/Senectus,%20The%20Patron%20of%20Rest%2011df1754c4038153a729cacbb488ad49.md) ",Human,,Invictian Lesser God
"Vulcan, The Artisan of Creation",Lawful Neutral,Craftmanship,"Vulcan, The Artisan of Creation (Imperium%20Invicta/Invictian%20Gods/Vulcan,%20The%20Artisan%20of%20Creation%2011df1754c40381529d7cddb5a9c9edf7.md) ",Warforged,,Invictian Lesser God
"Atlas, The Strength Bearer",Lawful Neutral,"Endurance, Strength","Atlas, The Strength Bearer (Titans/Asetherian%20Titans/Atlas,%20The%20Strength%20Bearer%20139f1754c40381109ba7deae5b86c2d9.md) ",Ancient Titan,,Aetherian Ancient Titan
"Oghma, God of Knowledge",True Neutral,Knowledge,"Oghma, God of Knowledge (Ascended/Asetherian%20Ascended/Oghma,%20God%20of%20Knowledge%20139f1754c4038130959ad431529a3b33.md) ",Gnome,,Asetherian Ascended God
"Aurora, The First Light",Neutral Good,"Dawn, New Beginnings","Aurora, The First Light (Imperium%20Invicta/Invictian%20Gods/Aurora,%20The%20First%20Light%2011df1754c4038157aad4dd14605f85b3.md) ",Aasimar,,Invictian Lesser God
"Loviatar, Goddess of Pain",Lawful Evil,Death,"Loviatar, Goddess of Pain (Ascended/Asetherian%20Ascended/Loviatar,%20Goddess%20of%20Pain%20139f1754c40381beb232d97e86c94c4d.md) ",Drow,,Asetherian Ascended God
"Botu’Astook, The Kinkeeper",True Neutral,Heritage and Kinship,"Botu’Astook, The Kinkeeper (Acheaorian/Acheaorian%20Gods/Botu%E2%80%99Astook,%20The%20Kinkeeper%20139f1754c403817f8582ecde16bceaad.md) ",Centaur,,Acheaorian Lesser God
"Beshaba, Goddess of Misfortune",Chaotic Evil,Trickery,"Beshaba, Goddess of Misfortune (Ascended/Asetherian%20Ascended/Beshaba,%20Goddess%20of%20Misfortune%20139f1754c40381a897edc4fc44340ec1.md) ",Night Hag,,Asetherian Ascended God
"Syceus, Titan of Growth",Chaotic Neutral,"Earth, Growth","Syceus, Titan of Growth (Titans/Asetherian%20Titans/Syceus,%20Titan%20of%20Growth%20139f1754c40381c99753cd85ab24ef4c.md) ",Ancient Titan,,Aetherian Ancient Titan
"Iapetus, The Doom Herald",Lawful Evil,"Mortality, Doom","Iapetus, The Doom Herald (Titans/Asetherian%20Titans/Iapetus,%20The%20Doom%20Herald%20139f1754c40381f1838fe1afeed06e6e.md) ",Ancient Titan,,Aetherian Ancient Titan
"Caelus, The Celestial Scholar",Lawful Neutral,Astronomy. Celestial Knowledge,"Caelus, The Celestial Scholar (Imperium%20Invicta/Invictian%20Gods/Caelus,%20The%20Celestial%20Scholar%2011df1754c403816198b8f4857f74da37.md) ",Air Genasi,,Invictian Lesser God
"Ragarra, The Wild Fury",Chaotic Neutral,Nature’s Fury and Chaos,"Ragarra, The Wild Fury (Acheaorian/Acheaorian%20Gods/Ragarra,%20The%20Wild%20Fury%20139f1754c403814f9ef0e30bdb4169b4.md) ",Yuan-Ti Pureblood,,Acheaorian Lesser God
"Cronus, Titan of Time",Lawful Evil,"Time, Harvest","Cronus, Titan of Time (Titans/Asetherian%20Titans/Cronus,%20Titan%20of%20Time%20139f1754c40381f09941ec379805c544.md) ",Ancient Titan,,Aetherian Ancient Titan
"Hoplodamus, Titan of Guardianship",Lawful Neutral,"War, Guardianship","Hoplodamus, Titan of Guardianship (Titans/Asetherian%20Titans/Hoplodamus,%20Titan%20of%20Guardianship%20139f1754c40381c6b29bc47ec63bb746.md) ",Ancient Titan,,Aetherian Ancient Titan
"Olymbrus, Titan of the Sky",Lawful Neutral,"Time, Sky","Olymbrus, Titan of the Sky (Titans/Asetherian%20Titans/Olymbrus,%20Titan%20of%20the%20Sky%20139f1754c40381e6a69be159ef6a5a44.md) ",Ancient Titan,,Aetherian Ancient Titan
"Haku, The Liberator",Chaotic Good,Freedom of Spirit,"Haku, The Liberator (Acheaorian/Acheaorian%20Gods/Haku,%20The%20Liberator%20139f1754c40381389813dfc77aaa0802.md) ",Variant Elf,,Acheaorian Lesser God
"Selune, Goddess of the Moon",Chaotic Good,"Knowledge, Life","Selune, Goddess of the Moon (Ascended/Asetherian%20Ascended/Selune,%20Goddess%20of%20the%20Moon%20139f1754c403816bbd24c9483b6831c4.md) ",Eladrin,,Asetherian Ascended God
"Curetes, Titan of Trickery",Chaotic Neutral,"War, Trickery","Curetes, Titan of Trickery (Titans/Asetherian%20Titans/Curetes,%20Titan%20of%20Trickery%20139f1754c403817bb3d9d8162993b052.md) ",Ancient Titan,,Aetherian Ancient Titan
"Bacchus, The Bountiful Spirit",Chaotic Neutral,Revelry,"Bacchus, The Bountiful Spirit (Imperium%20Invicta/Invictian%20Gods/Bacchus,%20The%20Bountiful%20Spirit%2011df1754c4038168ac41f5dbc0534bcf.md) ",Satyr,,Invictian Lesser God
"Jauhar, The Gilded",True Neutral,Prosperity and Fortune,"Jauhar, The Gilded (Acheaorian/Acheaorian%20Gods/Jauhar,%20The%20Gilded%20139f1754c4038129b815c5991aade9ce.md) ",Hill Dwarf,,Acheaorian Lesser God
"Coeus, Titan of Shadows",Neutral Evil,"Knowledge, Shadows","Coeus, Titan of Shadows (Titans/Asetherian%20Titans/Coeus,%20Titan%20of%20Shadows%20139f1754c40381dfb06eeca633c08b9a.md) ",Ancient Titan,,Aetherian Ancient Titan
"Chauntea, Goddess of Agriculture",Neutral Good,Life,"Chauntea, Goddess of Agriculture (Ascended/Asetherian%20Ascended/Chauntea,%20Goddess%20of%20Agriculture%20139f1754c40381c48799f11660f27c9c.md) ",Treant,,Asetherian Ascended God
"Helios, Titan of Vitality",Neutral Good,"Sun, Vitality","Helios, Titan of Vitality (Titans/Asetherian%20Titans/Helios,%20Titan%20of%20Vitality%20139f1754c40381c4bbb3e928f41e40fe.md) ",Ancient Titan,,Aetherian Ancient Titan
"Perses, Titan of Annihilation",Chaotic Evil,"Fire, Annihilation","Perses, Titan of Annihilation (Titans/Asetherian%20Titans/Perses,%20Titan%20of%20Annihilation%20139f1754c40381d9a392ee6547876f3a.md) ",Ancient Titan,,Aetherian Ancient Titan
"Andes, Titan of Dawn","True Neutral ","Light, Renewal","Andes, Titan of Dawn (Titans/Asetherian%20Titans/Andes,%20Titan%20of%20Dawn%20139f1754c40381a1baa0f0cc1853d4ac.md) ",Ancient Titan,,Aetherian Ancient Titan
"Titan, Titan of the Harvest","True Neutral ","Agriculture, Stars","Titan, Titan of the Harvest (Titans/Asetherian%20Titans/Titan,%20Titan%20of%20the%20Harvest%20139f1754c403814ea14bd2c74711ea79.md) ",Ancient Titan,,Aetherian Ancient Titan
"Febris, The Harbringer of Ailments",Chaotic Evil,"Plagues,  Mischief","Febris, The Harbringer of Ailments (Imperium%20Invicta/Invictian%20Gods/Febris,%20The%20Harbringer%20of%20Ailments%2011df1754c403817191abdd5b3b296f54.md) ",Centaur,,Invictian Lesser God
Eurybia. Titan of Storms,"True Neutral ","Sea, Storms","Eurybia. Titan of Storms (Titans/Asetherian%20Titans/Eurybia%20Titan%20of%20Storms%20139f1754c403811db722eedf9ea65682.md) ",Ancient Titan,,Aetherian Ancient Titan
"Jisan, The Bountiful",Neutral Evil,Harvest and Growth,"Jisan, The Bountiful (Acheaorian/Acheaorian%20Gods/Jisan,%20The%20Bountiful%20139f1754c4038152adbec143ea9f8de6.md) ",Firbolg,,Acheaorian Lesser God
"Shar, Goddess of Darkness and Loss",Neautral Evil,"Death, Trickery","Shar, Goddess of Darkness and Loss (Ascended/Asetherian%20Ascended/Shar,%20Goddess%20of%20Darkness%20and%20Loss%20139f1754c403818e8b69cd2f58458e08.md) ",Shadar-Kai,,Asetherian Ascended God
"Phoebe, The Visionary",Lawful Neutral,"Prophecy, Vision","Phoebe, The Visionary (Titans/Asetherian%20Titans/Phoebe,%20The%20Visionary%20139f1754c403815da7e6ef471ba47b20.md) ",Ancient Titan,,Aetherian Ancient Titan
"The Lost One, The Exiled",Chaotic Neutral,Exile and Longing,"The Lost One, The Exiled (Acheaorian/Acheaorian%20Gods/The%20Lost%20One,%20The%20Exiled%20139f1754c403812f99a9c426a52a776f.md) ",Aarakocra,,Acheaorian Lesser God
"Kor, The Sage of Ages",Lawful Neutral,Wisdom of Ages,"Kor, The Sage of Ages (Acheaorian/Acheaorian%20Gods/Kor,%20The%20Sage%20of%20Ages%20139f1754c403813f996cd225643f908f.md) ",Deep Gnome,,Acheaorian Lesser God
"Pluto, The Lord of the Hidden",Lawful Evil,"Underworld, Forbidden Knowledge","Pluto, The Lord of the Hidden (Imperium%20Invicta/Invictian%20Gods/Pluto,%20The%20Lord%20of%20the%20Hidden%2011df1754c4038186ba6be3d24fccfb14.md) ",Tiefling,,Invictian Lesser God
"Eurynome, The Harmony",Neutral Good,"Nature, Harmony","Eurynome, The Harmony (Titans/Asetherian%20Titans/Eurynome,%20The%20Harmony%20139f1754c40381d2a60fec0e00ae1f7e.md) ",Ancient Titan,,Aetherian Ancient Titan
Spes. The Embodiment of Aspiration,Neutral Good,"Hope, Inspiration","Spes. The Embodiment of Aspiration (Imperium%20Invicta/Invictian%20Gods/Spes%20The%20Embodiment%20of%20Aspiration%2011df1754c4038183851df66f96fb2d5b.md) ",Human,,Invictian Lesser God
"Mask, God of Thieves",Chaotic Neutral,Trickery,"Mask, God of Thieves (Ascended/Asetherian%20Ascended/Mask,%20God%20of%20Thieves%20139f1754c403810b86bfe86f940ddb65.md) ",Kenku,,Asetherian Ascended God
"Crius, The War Strategist",Lawful Evil,"Constellations, Conflict","Crius, The War Strategist (Titans/Asetherian%20Titans/Crius,%20The%20War%20Strategist%20139f1754c40381a3a7ded270bcfb167c.md) ",Ancient Titan,,Aetherian Ancient Titan
"Diana, The Guardian fo the Grove",Chaotic Good,"Hunting, Adventure","Diana, The Guardian fo the Grove (Imperium%20Invicta/Invictian%20Gods/Diana,%20The%20Guardian%20fo%20the%20Grove%2011df1754c403818fa2f8fcfd11bd66be.md) ",Firbolg,,Invictian Lesser God
"Ostasus, The Timer","True Neutral ","Time, Space","Ostasus, The Timer (Titans/Asetherian%20Titans/Ostasus,%20The%20Timer%20139f1754c40381a3b0d4f07ead2e45d9.md) ",Ancient Titan,,Aetherian Ancient Titan
"Prometheus, The Sacrificed Creator",Chaotic Good,"Creation, Sacrifice","Prometheus, The Sacrificed Creator (Titans/Asetherian%20Titans/Prometheus,%20The%20Sacrificed%20Creator%20139f1754c40381d4a4b9ed037bf4706d.md) ",Ancient Titan,,Aetherian Ancient Titan
"Eos, Titan of Light",Neutral Good,"Light, Dawn","Eos, Titan of Light (Titans/Asetherian%20Titans/Eos,%20Titan%20of%20Light%20139f1754c403812f937ee51cede9916f.md) ",Ancient Titan,,Aetherian Ancient Titan
"Talos, God of Storms",Chaotic Evil,Tempest,"Talos, God of Storms (Ascended/Asetherian%20Ascended/Talos,%20God%20of%20Storms%20139f1754c403813ba012ffcf5fa927d0.md) ",Storm Giant,,Asetherian Ascended God
"Umberlee, Goddess of the Sea",Chaotic Evil,Tempest,"Umberlee, Goddess of the Sea (Ascended/Asetherian%20Ascended/Umberlee,%20Goddess%20of%20the%20Sea%20139f1754c40381d08723e8028daa0656.md) ",Kraken/Triton,,Asetherian Ascended God
"Jarmik, The Benevolent",Neutral Good,Charity and Community,"Jarmik, The Benevolent (Acheaorian/Acheaorian%20Gods/Jarmik,%20The%20Benevolent%20139f1754c40381c19522e314b8187135.md) ",Halfling,,Acheaorian Lesser God
"Clymene, The Deceptive Muse",Neutral Good,"Fame, Deception","Clymene, The Deceptive Muse (Titans/Asetherian%20Titans/Clymene,%20The%20Deceptive%20Muse%20139f1754c40381ab91e9fcf6ab276797.md) ",Ancient Titan,,Aetherian Ancient Titan
"Bhaal, God of Murder",Neutral Evil,Death,"Bhaal, God of Murder (Ascended/Asetherian%20Ascended/Bhaal,%20God%20of%20Murder%20139f1754c4038138a437c14471acd7ae.md) ",Vampire,,Asetherian Ascended God
"Lelantos, Titan of the Wild",Chaotic Neutral,"Stealth, Wilderness","Lelantos, Titan of the Wild (Titans/Asetherian%20Titans/Lelantos,%20Titan%20of%20the%20Wild%20139f1754c40381908b26c8d5ef766d4d.md) ",Ancient Titan,,Aetherian Ancient Titan
"Malar, God of the Hunt",Chaotic Evil,Nature,"Malar, God of the Hunt (Ascended/Asetherian%20Ascended/Malar,%20God%20of%20the%20Hunt%20139f1754c4038179905cf8daee3fc887.md) ",Shifter,,Asetherian Ascended God
"Janus, The Gatekeeper",True Neutral,"Transitions, Passages","Janus, The Gatekeeper (Imperium%20Invicta/Invictian%20Gods/Janus,%20The%20Gatekeeper%2011df1754c403819fa9f7db5485f30e9b.md) ",Tiefling,,Invictian Lesser God
"Victoria, The Goddess of Triumph",Chaotic Good,"Victory, Honor","Victoria, The Goddess of Triumph (Imperium%20Invicta/Invictian%20Gods/Victoria,%20The%20Goddess%20of%20Triumph%2011df1754c40381a19efddf22488507b3.md) ",Leonin,,Invictian Lesser God
"Tethys, Titan of Navigation",Neutral Good,"Rivers, Navigation","Tethys, Titan of Navigation (Titans/Asetherian%20Titans/Tethys,%20Titan%20of%20Navigation%20139f1754c4038175be4ac3e9ce3b1f97.md) ",Ancient Titan,,Aetherian Ancient Titan
"Menoetius, Titan of Destruction",Chaotic Evil,"Destruction, Wrath","Menoetius, Titan of Destruction (Titans/Asetherian%20Titans/Menoetius,%20Titan%20of%20Destruction%20139f1754c40381f28054f1bfa442398a.md) ",Ancient Titan,,Aetherian Ancient Titan
"Vis, The Goddess of Strength",Lawful Neutral,"Strength, Resilience","Vis, The Goddess of Strength (Imperium%20Invicta/Invictian%20Gods/Vis,%20The%20Goddess%20of%20Strength%2011df1754c40381b5a2e5d7b428bbad98.md) ",Dragonborn,,Invictian Lesser God
"Minerva, The Sage of Wisdom",Chaotic Evil,"Creative Arts and Crafts ","Minerva, The Sage of Wisdom (Imperium%20Invicta/Invictian%20Gods/Minerva,%20The%20Sage%20of%20Wisdom%2011df1754c40381a6b7e5d3e889f06857.md) ",Kenku,,Invictian Lesser God
"Myrkul, God of Death",Neutral Evil,Death,"Myrkul, God of Death (Ascended/Asetherian%20Ascended/Myrkul,%20God%20of%20Death%20139f1754c40381938fbbe274d82a8867.md) ",Lich,,Asetherian Ascended God
"The Faceless God, The Masked Doom",Chaotic Evil,Evil and Darkness,"The Faceless God, The Masked Doom (Acheaorian/Acheaorian%20Gods/The%20Faceless%20God,%20The%20Masked%20Doom%20139f1754c40381709c0fc2da526dd805.md) ",Warforged,,Acheaorian Lesser God
"Kar’r’rga, The Temperental",Chaotic Neutral,Tempest and the Sea,"Kar’r’rga, The Temperental (Acheaorian/Acheaorian%20Gods/Kar%E2%80%99r%E2%80%99rga,%20The%20Temperental%20139f1754c40381a48816fe9ae95e4c79.md) ",Variant Triton,,Acheaorian Lesser God
"Muses Elder, Titan of Inspiration",Neutral Good,"Music, Inspiration","Clymene, The Deceptive Muse (Titans/Asetherian%20Titans/Clymene,%20The%20Deceptive%20Muse%20139f1754c40381ab91e9fcf6ab276797.md) ",Ancient Titan,,Aetherian Ancient Titan
"Mystra, Goddess of Magic",Neutral Good,Knowledge,"Mystra, Goddess of Magic (Ascended/Asetherian%20Ascended/Mystra,%20Goddess%20of%20Magic%20139f1754c40381a49521d4b976ccaead.md) ",Eladrin,,Asetherian Ascended God
"Sune, Goddess of Love and Beauty",Chaotic Good,"Life, Light","Sune, Goddess of Love and Beauty (Ascended/Asetherian%20Ascended/Sune,%20Goddess%20of%20Love%20and%20Beauty%20139f1754c40381b29758d8f841afe091.md) ",Nymph,,Asetherian Ascended God
"Leira, Goddess of Illusion",Chaotic Neutral,Trickery,"Leira, Goddess of Illusion (Ascended/Asetherian%20Ascended/Leira,%20Goddess%20of%20Illusion%20139f1754c403817c9997ea590bf85350.md) ",Shadow Demon,,Asetherian Ascended God
"Drummern and Pag, The Tempest Twins",Chaotic Neutral,Rhythm of the Storms,"Drummern and Pag, The Tempest Twins (Acheaorian/Acheaorian%20Gods/Drummern%20and%20Pag,%20The%20Tempest%20Twins%20139f1754c403811f8ee9dccc46ada62f.md) ",Merfolk,,Acheaorian Lesser God
Trivia. The Keeper of Secrets,Chaotic Evil,"Sorcery, Forbbiden Knowledge","Trivia. The Keeper of Secrets (Imperium%20Invicta/Invictian%20Gods/Trivia%20The%20Keeper%20of%20Secrets%2011df1754c40381c79b53dff86f3310f6.md) ",Yuan-Ti,,Invictian Lesser God
"Megamedes, Titan of Strategy",Lawful Evil,"Strategy, Command","Megamedes, Titan of Strategy (Titans/Asetherian%20Titans/Megamedes,%20Titan%20of%20Strategy%20139f1754c403812cb865e4479b638ba8.md) ",Ancient Titan,,Aetherian Ancient Titan
"Vatagatal, The Dutiful",Lawful Neutral,Honor and Responsibility,"Vatagatal, The Dutiful (Acheaorian/Acheaorian%20Gods/Vatagatal,%20The%20Dutiful%20139f1754c40381fabd77fb690e789879.md) ",Hobgoblin,,Acheaorian Lesser God
"Cupid, The Heart’s Arrow",Chaotic Good,"Love, Emotional Healing","Cupid, The Heart’s Arrow (Imperium%20Invicta/Invictian%20Gods/Cupid,%20The%20Heart%E2%80%99s%20Arrow%2011df1754c40381db9fb1f144542d30c1.md) ",Half Wood Elf,,Invictian Lesser God
"Metis, The Wise Strategist",Chaotic Evil,"Wisdom, Strategy","Metis, The Wise Strategist (Titans/Asetherian%20Titans/Metis,%20The%20Wise%20Strategist%20139f1754c40381c2aec2f8ecc5507785.md) ",Ancient Titan,,Aetherian Ancient Titan
"Najm, The Explorer",Chaotic Neutral,Paths of Adventure,"Najm, The Explorer (Acheaorian/Acheaorian%20Gods/Najm,%20The%20Explorer%20139f1754c403812cb85cf33f68ddf9eb.md) ",Half Elf,,Acheaorian Lesser God
"Bellona, The Warbringer",Lawful Evil,"Warfare, Shadow Tactics","Bellona, The Warbringer (Imperium%20Invicta/Invictian%20Gods/Bellona,%20The%20Warbringer%2011df1754c40381e0a96bdd65d9bb59f9.md) ",Hobgoblin,,Invictian Lesser God
"Tempus, God of War",True Neutral,War,"Tempus, God of War (Ascended/Asetherian%20Ascended/Tempus,%20God%20of%20War%20139f1754c403812d85c6e36df0fb0afb.md) ",Goliath,,Asetherian Ascended God
"Mylinus, Titan of Endurance",Chaotic Neutral,"Endurancve, Stone","Mylinus, Titan of Endurance (Titans/Asetherian%20Titans/Mylinus,%20Titan%20of%20Endurance%20139f1754c40381e5893aef3c0beb6568.md) ",Ancient Titan,,Aetherian Ancient Titan
"Theia, Titan of Light",Neutral Good,"Light, Radiance","Theia, Titan of Light (Titans/Asetherian%20Titans/Theia,%20Titan%20of%20Light%20139f1754c403818b9426cc1fb5f89bc5.md) ",Ancient Titan,,Aetherian Ancient Titan
"Arcus, The Spectrum",Chaotic Good,"Prismatic Nature, Trickery","Arcus, The Spectrum (Imperium%20Invicta/Invictian%20Gods/Arcus,%20The%20Spectrum%2011df1754c40381e48117e195e9b01a22.md) ",Aarakocra,,Invictian Lesser God
"Concordia, The Unifier",Lawful Good,"Unity, Peacekeeping","Concordia, The Unifier (Imperium%20Invicta/Invictian%20Gods/Concordia,%20The%20Unifier%2011df1754c40381e1ac76d073582796a3.md) ",Half High Elf,,Invictian Lesser God
"Selene, The Dream",Neutral Good,"Moon, Dreams","Selene, The Dream (Titans/Asetherian%20Titans/Selene,%20The%20Dream%20139f1754c403811c92b6d2a4b73da32a.md) ",Ancient Titan,,Aetherian Ancient Titan
"Azuth, God of Wizards",Lawful Neutral,Knowledge,"Azuth, God of Wizards (Ascended/Asetherian%20Ascended/Azuth,%20God%20of%20Wizards%20139f1754c40381da9265efabd0949eca.md) ",High Elf,,Asetherian Ascended God
"Melisseus, The Abundant Guardian",Neutral Good,"Protection, Abundance","Melisseus, The Abundant Guardian (Titans/Asetherian%20Titans/Melisseus,%20The%20Abundant%20Guardian%20139f1754c40381609cf9e381ffff0f68.md) ",Ancient Titan,,Aetherian Ancient Titan
"Anchiale, The Flame Artisan",Chaotic Neutral,"Fire, Craft","Anchiale, The Flame Artisan (Titans/Asetherian%20Titans/Anchiale,%20The%20Flame%20Artisan%20139f1754c4038158971cccf3378cb008.md) ",Ancient Titan,,Aetherian Ancient Titan
"Shajar, The River Guardian",True Neutral,Water and Life,"Shajar, The River Guardian (Acheaorian/Acheaorian%20Gods/Shajar,%20The%20River%20Guardian%20139f1754c40381f4be33f7bda3133580.md) ",Triton,,Acheaorian Lesser God
"Lliira, Goddess of Joy",Chaotic Good,Life,"Lliira, Goddess of Joy (Ascended/Asetherian%20Ascended/Lliira,%20Goddess%20of%20Joy%20139f1754c4038125adf2db1f14f9c89c.md) ",Sprite/Fairy,,Asetherian Ascended God
"Rhea, Titan of Life",Neutral Good,"Fertility, Life","Rhea, Titan of Life (Titans/Asetherian%20Titans/Rhea,%20Titan%20of%20Life%20139f1754c403817e8d6fe4473a4ac8c2.md) ",Ancient Titan,,Aetherian Ancient Titan
"Mars, The Champion of Valor",Lawful Evil,"Warfare, Glory","Mars, The Champion of Valor (Imperium%20Invicta/Invictian%20Gods/Mars,%20The%20Champion%20of%20Valor%2011df1754c40381f0b2dcf54f91406ed4.md) ",Half Elf(Drow),,Invictian Lesser God
"Eldath, Goddess of Peace",Neutral Good,"Life, Light","Eldath, Goddess of Peace (Ascended/Asetherian%20Ascended/Eldath,%20Goddess%20of%20Peace%20139f1754c4038142aa47cdd53951cd66.md) ",Water Genasi,,Asetherian Ascended God
"Styx, Titan of Oaths",Lawful Neutral,"Oaths, Death","Styx, Titan of Oaths (Titans/Asetherian%20Titans/Styx,%20Titan%20of%20Oaths%20139f1754c4038125bef3c310931096d2.md) ",Ancient Titan,,Aetherian Ancient Titan
"Dione, The Life Seer",Neutral Good,"Propecy, Life","Dione, The Life Seer (Titans/Asetherian%20Titans/Dione,%20The%20Life%20Seer%20139f1754c40381f88870edbd192907ac.md) ",Ancient Titan,,Aetherian Ancient Titan
"Gond, God of Craft",True Neutral,Knowledge,"Gond, God of Craft (Ascended/Asetherian%20Ascended/Gond,%20God%20of%20Craft%20139f1754c4038178a815ec30acdac26f.md) ",Modron,,Asetherian Ascended God
"Flora, The Blooming Spirit",Neutral Good,"Flower, Renewal","Flora, The Blooming Spirit (Imperium%20Invicta/Invictian%20Gods/Flora,%20The%20Blooming%20Spirit%2011df1754c40381f785c8cbfa465c835b.md) ",Dhampir,,Invictian Lesser God
"Helm, God of Protection",Lawful Neutral,"Life, Light","Helm, God of Protection (Ascended/Asetherian%20Ascended/Helm,%20God%20of%20Protection%20139f1754c40381ad9691daa97d5448ba.md) ",Goliath,,Asetherian Ascended God
"Mutunus, The God of Union",Chaotic Neutral,"Physical Union, Sensuality","Mutunus, The God of Union (Imperium%20Invicta/Invictian%20Gods/Mutunus,%20The%20God%20of%20Union%2011df1754c40381f8aa10e0bb8470e424.md) ",Half- Orc,,Invictian Lesser God
"Juventus, The Spirit of Vitality",Chaotic Good,"Youth, Endurance","Juventus, The Spirit of Vitality (Imperium%20Invicta/Invictian%20Gods/Juventus,%20The%20Spirit%20of%20Vitality%2011df1754c40381f59ef6cb61ea1dcfea.md) ",Aasimar,,Invictian Lesser God
"Phorcys, Titan of Monsters",Lawful Neutral,"Sea, Monsters","Phorcys, Titan of Monsters (Titans/Asetherian%20Titans/Phorcys,%20Titan%20of%20Monsters%20139f1754c403814db91ce395ca0e9f1c.md) ",Ancient Titan,,Aetherian Ancient Titan
"Phoebus, The illuminator",Neutral Evil,"Light, Heavenly Knowledge","Phoebus, The illuminator (Imperium%20Invicta/Invictian%20Gods/Phoebus,%20The%20illuminator%2011df1754c40381fb9bb8f3177077c0c5.md) ",Sun Elf,,Invictian Lesser God
"Hajama, The God of Valor",Lawful Neutral,War Strategy,"Hajama, The God of Valor (Acheaorian/Acheaorian%20Gods/Hajama,%20The%20God%20of%20Valor%20139f1754c40381c4b5ecfcd577ac9350.md) ",Leonin,,Acheaorian Lesser God
"Hakiyah, The Just Scales",Lawful Good,Justice and Truth,"Hakiyah, The Just Scales (Acheaorian/Acheaorian%20Gods/Hakiyah,%20The%20Just%20Scales%20139f1754c40381738f90f563dcbd040d.md) ",Protector Aasimar,,Acheaorian Lesser God
"Tyr, God of Justice",Lawful Good,War,"Tyr, God of Justice (Ascended/Asetherian%20Ascended/Tyr,%20God%20of%20Justice%20139f1754c4038189adddf027fe5ca28b.md) ",Aasiamar,,Asetherian Ascended God
"Hyperion, Titan of Knowledge"," Neutral Good","Light, Knowledge","Hyperion, Titan of Knowledge (Titans/Asetherian%20Titans/Hyperion,%20Titan%20of%20Knowledge%20139f1754c4038122a88dc4507a30ffce.md) ",Ancient Titan,,Aetherian Ancient Titan
"Thaun-Mirrath, The False Savior",Chaotic Evil,"False Hope, Shapeshifting, Imprisoned Power","Thaun-Mirrath, The False Savior (Outer/Outer%20Gods/Thaun-Mirrath,%20The%20False%20Savior%20139f1754c40381758447c09437eb08de.md) ",Aboleth,,Outer Gods
"Velkora, The Flame Beyond Dawn",Chaotic Neutral,"Rebirth Through Fire, Twilight Revelation, Destruction","Velkora, The Flame Beyond Dawn (Outer/Outer%20Gods/Velkora,%20The%20Flame%20Beyond%20Dawn%20139f1754c40381a2a2f6cb8c258019d5.md) ",Phoenix,,Dreaming Gods
"Horthonel, God of Fleeting Moments",Neutral,"Ephemera, Inspiration, Lost Time","Horthonel, God of Fleeting Moments (Outer/Outer%20Gods/Horthonel,%20God%20of%20Fleeting%20Moments%20139f1754c40381e2be05c7cfb4cea83f.md) ",Couatl,,Dreaming Gods
"The Black Veil, Shroud of Cosmic Night",Neutral Evil,"Oblivion, Annihilation, Void Consumption","The Black Veil, Shroud of Cosmic Night (Outer/Outer%20Gods/The%20Black%20Veil,%20Shroud%20of%20Cosmic%20Night%20139f1754c40381b7aa70e67df5217f22.md) ",Shadow Demon,,Outer Gods
"Saeronis, The River of Secrets",Neutral Evil,"Forgotten Knowledge, Dreams, Cosmic Echoes","Saeronis, The River of Secrets (Outer/Outer%20Gods/Saeronis,%20The%20River%20of%20Secrets%20139f1754c403812eb5aef64674f7ec1f.md) ",Night Hag,,Dreaming Gods
"Tzarash, The Pale Guardian",Lawful Neutral,"Curses, Sacred Oaths, Temporal Guardianship","Tzarash, The Pale Guardian (Outer/Outer%20Gods/Tzarash,%20The%20Pale%20Guardian%20139f1754c40381528e36f71e6a6e39c2.md) ",Ghost,,Dreaming Gods
"Vaedoris, The Spear of Verdance",Chaotic Good,"Flourishin, Renewal, Wild Instinct","Vaedoris, The Spear of Verdance (Outer/Outer%20Gods/Vaedoris,%20The%20Spear%20of%20Verdance%20139f1754c40381e39ab1c854f7f2d847.md) ",Dryad,,Dreaming Gods
"Aultheron, The Truth Incarnate",Lawful Evil,"Absolute Truth, Domination of Will, Puppeteering","Aultheron, The Truth Incarnate (Outer/Outer%20Gods/Aultheron,%20The%20Truth%20Incarnate%20139f1754c40381c7ab78f0ee3a6ae3e3.md) ",Elder Brain,,Outer Gods
"Maelthra, Lord of the Timeless Howl",Neutral Evil,"Dimensional Rifts, Eternal Conflict, Shattered Minds","Maelthra, Lord of the Timeless Howl (Outer/Outer%20Gods/Maelthra,%20Lord%20of%20the%20Timeless%20Howl%20139f1754c4038163941be71106f6e4ca.md) ",Howler,,Outer Gods
"Zarakhal, The Slumbering Core",Chaotic Neutral,"Primordial Chaos, Stellar Dreams, Reality Shifting","Zarakhal, The Slumbering Core (Outer/Outer%20Gods/Zarakhal,%20The%20Slumbering%20Core%20139f1754c403811ca3eaf6b6cc123087.md) ",Star Spawn,,Outer Gods
"Glaithonel, The Seven Eyes Between Worlds",Neutral,"Veiled Perception, Cosmic Voyages, Multiversal Sight","Glaithonel, The Seven Eyes Between Worlds (Outer/Outer%20Gods/Glaithonel,%20The%20Seven%20Eyes%20Between%20Worlds%20139f1754c403814da1f4ef0ea78b76b8.md) ",Beholder,,Outer Gods
"Urakh-Rynis, The Waiting Hunger",Chaotic Evil,"Paralysis, Dread, Predation of the Weak","Urakh-Rynis, The Waiting Hunger (Outer/Outer%20Gods/Urakh-Rynis,%20The%20Waiting%20Hunger%20139f1754c40381d9a8abf54c83c3501e.md) ",Basilisk,,Dreaming Gods
"Moluth, The Living Womb",Chaotic Neutral,"Birth of Horrors, Endless Gestation, Burrowing","Moluth, The Living Womb (Outer/Outer%20Gods/Moluth,%20The%20Living%20Womb%20139f1754c40381b9bd2ef9796d033c36.md) ",Spawn of Kyuss,,Outer Gods
"Kaelrath, The Burning Whisper",Chaotic Neutral,"Madness, Forbidden Illumination, Epiphany","Kaelrath, The Burning Whisper (Outer/Outer%20Gods/Kaelrath,%20The%20Burning%20Whisper%20139f1754c40381e489aace753dc27feb.md) ",Will-o’-Wisp,,Dreaming Gods
"Hercules, The Champion",Chaotic Good,"Strength, Adventure","Hercules, The Champion (Hellenorian/Hellenorian%20Gods/Hercules,%20The%20Champion%20138f1754c40381dcb06dd147ee8ad12b.md)",Goliath,,Hellenorian Lesser God
"Ares, The Warlord",Chaotic Evil,"War, Strife","Ares, The Warlord (Hellenorian/Hellenorian%20Gods/Ares,%20The%20Warlord%20138f1754c4038195ad22ed9f2fe28575.md)",Minotaur,,Hellenorian Lesser God
"Athena, The Wise Guardian",Lawful Good,"Knowledge, Civilization","Athena, The Wise Guardian (Hellenorian/Hellenorian%20Gods/Athena,%20The%20Wise%20Guardian%20138f1754c40381b0aea2e8c59b6a2eca.md)",Warforged,,Hellenorian Lesser God
"Artemis, The Huntress of the Moon",Neutral Good,"Nature, Wild Hunt, Lunar Light","Artemis, The Huntress of the Moon (Hellenorian/Hellenorian%20Gods/Artemis,%20The%20Huntress%20of%20the%20Moon%20138f1754c40381d5873de089fb18505d.md)",Tabaxi,,Hellenorian Lesser God
"Hermes, The Fleet-footed Messenger",Chaotic Good,"Travel, Commerce, Mercenary(Seekers)","Hermes, The Fleet-footed Messenger (Hellenorian/Hellenorian%20Gods/Hermes,%20The%20Fleet-footed%20Messenger%20138f1754c40381c69748e48c26475924.md)",Shifter,,Hellenorian Lesser God
"Zeus, The Storm Lord",True Neutral,Tempest,"Zeus, The Storm Lord (Hellenorian/Hellenorian%20Gods/Zeus,%20The%20Storm%20Lord%20138f1754c40381b6aca6df9fbf051f9c.md)",Variant Aasimar,,Hellenorian Lesser God
"Hestia, The Keeper of the Eternal Fire",Neutral Good,"Hearth, Home","Hestia, The Keeper of the Eternal Fire (Hellenorian/Hellenorian%20Gods/Hestia,%20The%20Keeper%20of%20the%20Eternal%20Fire%20138f1754c40381d088d4f7cc56bb29af.md)",Centaur,,Hellenorian Lesser God
"Hera, The Matron of Families",Chaotic Neutral,"Family, Intrigue","Hera, The Matron of Families (Hellenorian/Hellenorian%20Gods/Hera,%20The%20Matron%20of%20Families%20138f1754c4038198b401c486b30d1f38.md)",Leonin,,Hellenorian Lesser God
"Hades, The Lord of the Underworld",Lawful Evil,"Death, Wealth","Hades, The Lord of the Underworld (Hellenorian/Hellenorian%20Gods/Hades,%20The%20Lord%20of%20the%20Underworld%20138f1754c40381008d5cff81de3b52a7.md)",Duergar Tiefling Variant,,Hellenorian Lesser God
"Nike, The Winged Champion",Lawful Neutral,Victory,"Nike, The Winged Champion (Hellenorian/Hellenorian%20Gods/Nike,%20The%20Winged%20Champion%20138f1754c403818889e6efd91a80d7ed.md)",Fallen Aasimar,,Hellenorian Lesser God
"Hecate, The Mistress of the Arcane",Chaotic Evil,"Arcana, Moon, Crossroads","Hecate, The Mistress of the Arcane (Hellenorian/Hellenorian%20Gods/Hecate,%20The%20Mistress%20of%20the%20Arcane%20138f1754c403810abdebfc16293208ae.md)",Changeling,,Hellenorian Lesser God
"Aphrodite, The Enchantress",Chaotic Good,"Love, Beauty","Aphrodite, The Enchantress (Hellenorian/Hellenorian%20Gods/Aphrodite,%20The%20Enchantress%20138f1754c4038140869ed5042a0f98dd.md)",Variant Tiefling,,Hellenorian Lesser God
"Apollo, The Radiant One",Chaotic Good,"Light, Healing","Apollo, The Radiant One (Hellenorian/Hellenorian%20Gods/Apollo,%20The%20Radiant%20One%20138f1754c4038171b0b9cd5bdc0d33ba.md)",Aarakocra,,Hellenorian Lesser God
"Pan, The Wild Sheperd",Chaotic Neutral,"Nature,","Pan, The Wild Sheperd (Hellenorian/Hellenorian%20Gods/Pan,%20The%20Wild%20Sheperd%20138f1754c4038175aedcff946acf2f4f.md) ",Variant Centaur,,Hellenorian Lesser God
"Poseidon, The Earth Shaker",Chaotic Neutral,Sea,"Poseidon, The Earth Shaker (Hellenorian/Hellenorian%20Gods/Poseidon,%20The%20Earth%20Shaker%20138f1754c4038161814ad79bf699f1aa.md) ",Triton,,Hellenorian Lesser God
"Tyche, The Goddess of Fortune",True Neutral,"Luck, Fate","Tyche, The Goddess of Fortune (Hellenorian/Hellenorian%20Gods/Tyche,%20The%20Goddess%20of%20Fortune%20138f1754c403818e9f9de1614cbbeb70.md)",All Genasi,,Hellenorian Lesser God
"Demeter, The Earth Mother",Neutral Good,Agriculture,"Demeter, The Earth Mother (Hellenorian/Hellenorian%20Gods/Demeter,%20The%20Earth%20Mother%20138f1754c4038132bb91f142c745fd85.md) ",Firbolg,,Hellenorian Lesser God
"Hephaestus, The Forge Master",Neutral Good,Forge,"Hephaestus, The Forge Master (Hellenorian/Hellenorian%20Gods/Hephaestus,%20The%20Forge%20Master%20138f1754c4038145adecde9e85cc945b.md) ",Deep Gnome,,Hellenorian Lesser God
"Dionysus, The God of Festivity",Chaotic Neutral,"Life, Revelry","Dionysus, The God of Festivity (Hellenorian/Hellenorian%20Gods/Dionysus,%20The%20God%20of%20Festivity%20138f1754c403814196a1fb9f67552569.md) ",Satyr,,Hellenorian Lesser God