Name,Description,Location,Properties,Lore,Uses
Mithril,"A silvery-white metal that gleams with an inner light, as if moonbeams were trapped within its crystalline structure. Mithril appears almost translucent in thin sheets, yet maintains incredible strength and durability.","Found exclusively in the deepest mountain caverns where underground rivers have flowed for millennia. The ore forms in veins that follow ancient ley lines, appearing as shimmering threads in the rock face.","Lighter than silk yet stronger than steel
Naturally resistant to corrosion and tarnish
Conducts magical energy with minimal loss
Self-repairing when exposed to moonlight","Legend speaks of the first mithril being tears of the moon goddess, shed for mortal heroes who fought valiantly in her name. Ancient texts claim that armor made of pure mithril can turn aside even death itself, though such pieces are beyond rare.","Favored by elven smiths for crafting armor that moves like cloth, weapons that never dull, and jewelry that enhances spellcasting. Mages weave thin mithril wire into their robes to improve spell focus."
Cold Iron," A dark, almost black metal with a matte finish that seems to absorb light rather than reflect it. Its surface is always cool to the touch, regardless of ambient temperature, and frost often forms on its edges in humid conditions.","Mined from regions where the boundary between the material world and otherworldly realms grows thin. These deposits are typically found in forgotten battlefields, ancient burial grounds, and places where powerful magic has been violently disrupted.","Naturally anathema to fey and fiendish creatures
Disrupts magical effects on contact
Remains perpetually cold, never warming
Causes painful burns to creatures of pure magic","Born from the primordial conflict between order and chaos, cold iron represents the world's natural resistance to otherworldly influence. Blacksmiths who work with it must wear thick gloves, as prolonged contact can numb the soul itself","Forged into weapons and restraints specifically designed to combat supernatural threats. Templars and witch hunters prize cold iron blades, while scholars use cold iron implements to safely handle cursed artifacts."
Adamantium,"The hardest known substance, appearing as a deep blue-black metal with an almost mirror-like polish. Its surface shows intricate natural patterns resembling flowing water frozen in time.","Forms only in the hearts of volcanoes where elemental fire and earth energies reach perfect equilibrium. These rare nodes exist deep within active volcanic chambers, making extraction extraordinarily dangerous.","Naturally anathema to fey and fiendish creatures
Disrupts magical effects on contact
Remains perpetually cold, never warming
Causes painful burns to creatures of pure magic","Said to be fragments of the world's original foundation, adamantium represents absolute permanence. Ancient kings would commission single adamantium items as symbols of their eternal dynasties, though ironically, most of these kingdoms have long since fallen to dust.","Reserved for the most critical applications - vault doors, prison bars for the most dangerous criminals, and weapons meant to last forever. Master enchanters use adamantium focuses that never lose their potency."
Arcanaite,"A crystalline material that shifts through the spectrum of colors, never settling on any single hue for long. It pulses with inner radiance and seems to hum with barely contained magical energy.","Crystallizes naturally in areas of intense magical activity - wizard towers, sites of great battles between spellcasters, and nexuses where multiple ley lines converge. It grows like living crystal, forming geometric patterns of breathtaking beauty.","Stores and amplifies magical energy
Changes properties based on the type of magic it absorbs
Resonates with nearby spellcasting
Unstable in large quantities","Scholars debate whether arcanaite is magic given physical form or matter transformed by pure magical energy. What is certain is that large deposits can become self-aware, leading to the terrifying phenomenon known as ""living dungeons.”","Ground into powder for the most potent spell components, carved into focuses and spell gems, and used as currency among the most powerful mages. Artificers embed small arcanaite crystals in magical items to boost their effectiveness."
Nullstone,"A completely matte gray stone that seems to exist in a state of absolute stillness. No light reflects from its surface, no sound echoes off it, and even the air around it appears motionless.","Found in areas where magic has been catastrophically drained or destroyed. These dead zones appear as perfectly circular clearings where nothing grows and no magic functions, with nullstone forming at their centers like scabs over reality's wounds.","Completely immune to all magical effects
Creates dead magic zones in its vicinity
Suppresses magical abilities in living beings
Unaffected by any form of energy","Nullstone is absence given form - not merely resistant to magic, but its complete antithesis. Mages speak of it in hushed tones, as prolonged exposure can permanently drain one's magical abilities, leaving them forever cut off from the arcane arts.","Carved into cells and restraints for captured spellcasters, ground into powder to create anti-magic barriers, and fashioned into armor by those who hunt mages. Some desperate rulers line their throne rooms with nullstone to prevent magical assassination."
Tethtrium,"A peculiar metal that exists in a state of constant, subtle motion. Its surface ripples like liquid mercury while maintaining solid form, and it seems to bend light around itself, creating rainbow halos at its edges.","Forms in areas where the barriers between dimensions have worn thin, typically near ancient portals or sites where planar magic has been extensively practiced. It appears to seep through reality itself, crystallizing into metal as it enters the material plane.","Phases in and out of reality unpredictably
Allows limited passage through solid matter
Disrupts dimensional barriers
Unpredictable in its behavior","Named after the first planar scholar to successfully study it, tethtrium is believed to be matter from the space between worlds. Working with it requires great skill, as inexperienced smiths have been known to phase partially out of existence, becoming trapped between dimensions.","Crafted into tools for planar researchers, locks that exist in multiple dimensions simultaneously, and weapons that can strike incorporeal foes. Thieves prize tethtrium lockpicks that can reach through solid doors."
"Embersteel ","A warm, orange-red metal that glows with the steady light of a forge's heart. Tiny sparks occasionally dance across its surface, and it radiates comfortable warmth without ever becoming too hot to handle safely."," Forms in the aftermath of great fires - not mere flames, but conflagrations of legendary proportions that burn with passion and purpose. Dragon lairs, sites of phoenix rebirth, and battlefields where fire elementals have fallen all eventually yield embersteel deposits.","Maintains constant warmth without external heat
Becomes more powerful when exposed to flame
Gradually repairs itself over time
Inspires courage and determination in its wielder","Embersteel is said to hold the memory of every fire that contributed to its creation. Weapons made from it carry the courage of heroes and the fury of dragons, inspiring their wielders to acts of legendary bravery. Some believe that embersteel items grow stronger with each heroic deed performed with them","Forged into weapons that never cool, armor that protects against cold, and hearths that burn without fuel. Warriors value embersteel blades for their ability to cauterize wounds and their morale-boosting properties in battle."
Shattergleam Crystal,"Appears like a natural geode split open—filled with needle-thin, translucent spikes of shimmering crystal. These crystals radiate a faint, cold-blue glow, making them easily mistaken for magical or alchemical materials.
The outer structure is silvery-gray and flaked, like dried clay, crumbling if disturbed.","Found underground in isolated caves undistrubed for years, or in magic rich areas","• Brittle Beyond Use:
    ◦ Shatters into dangerous splinters at heavy physical touch.
   
• Illusory Potential (non-magical):
    ◦ Reflects light strangely, sometimes creating ghostly shapes or halos in darkness, which some explorers misinterpret as magical or spiritual signs.
    ◦ Attempts to analyze or use it in magic, smithing, or alchemy have all failed—the dust evaporates within hours of exposure to air.","• Dwarves call it “Mhalaz-dur” or “Earth’s Cruel Joke,” and leave it untouched as a superstition—bad luck befalls miners who try to collect it.
• The drow sometimes carve cave warnings near it, believing it to be a “false star” laid by trickster gods to lure the greedy.
• Some sages speculate that Shattergleam is the fossilized light of an ancient divine event, frozen in time—but the truth remains unknown.",
Anchoring Gems,Artificially created by ancient scholars of the acncient times before magic rampaged. Appears to be like a arcanaite metal but inside its surface looks to be an ever movinf ripples with a grayish core.,"artifficially made, as such only a handful f scholars and artificiers know how to craft this, closed guarded by each empire. but some gems can be found by accident on different sites.",rumors to be known to used to anchor rifts,,